epoch,loss,loss/data,loss/data/I,loss/ic,loss/ic/I0,loss/ic/S0,loss/res,loss/res/I,loss/res/S,loss/smma,lr,step
,,,,,,,,,,,0.0005,0
0,4993.912109375,0.08892185240983963,0.08892185240983963,0.709214448928833,0.1340475082397461,0.5751670002937317,4993.11376953125,10.006197929382324,39.92495346069336,,,45
,,,,,,,,,,,0.0005,46
1,0.8776353001594543,0.01004103571176529,0.01004103571176529,0.8629908561706543,2.4885250240913592e-05,0.8629659414291382,0.004603374283760786,1.3143962860340253e-05,3.288977677584626e-05,,,91
,,,,,,,,,,,0.0005,92
2,0.331306517124176,0.010034982115030289,0.010034982115030289,0.06791242212057114,1.205428219464011e-07,0.06791231036186218,0.2533591091632843,1.9815846826531924e-05,0.0025137749034911394,,,137
,,,,,,,,,,,0.0005,138
3,0.12462714314460754,0.010035647079348564,0.010035647079348564,0.0001857646566350013,1.8758591124878876e-08,0.00018574589921627194,0.11440575867891312,4.859312412008876e-06,0.0011391983134672046,,,183
,,,,,,,,,,,0.0005,184
4,0.06429245322942734,0.010035897605121136,0.010035897605121136,0.0002907927264459431,7.239253640989318e-09,0.0002907854795921594,0.05396577715873718,1.6351718841178808e-06,0.0005380224902182817,,,229
,,,,,,,,,,,0.0005,230
5,0.0330197848379612,0.010036101564764977,0.010036101564764977,0.00013039415352977812,3.993040564864714e-09,0.0001303901372011751,0.022853288799524307,8.392493668907264e-07,0.00022769365750718862,,,275
,,,,,,,,,,,0.0005,276
6,0.03100409172475338,0.010036196559667587,0.010036196559667587,2.3789660190232098e-05,2.993389536243285e-09,2.378666977165267e-05,0.020944107323884964,6.139396759863303e-07,0.00020882714306935668,,,321
,,,,,,,,,,,0.0005,322
7,0.024665679782629013,0.010036288760602474,0.010036288760602474,3.845516766887158e-05,2.267678267386941e-09,3.8452897570095956e-05,0.014590936712920666,4.442738088528131e-07,0.00014546510647051036,,,367
,,,,,,,,,,,0.0005,368
8,0.018501032143831253,0.01003639679402113,0.01003639679402113,1.690544195298571e-05,1.653486680908145e-09,1.690378485363908e-05,0.008447730913758278,3.113131583631912e-07,8.416599303018302e-05,,,413
,,,,,,,,,,,0.0005,414
9,0.018233463168144226,0.010036454536020756,0.010036454536020756,2.6533392883720808e-05,1.3456052938565222e-09,2.6532046831562184e-05,0.008170475251972675,2.4501858320036263e-07,8.145972969941795e-05,,,459
,,,,,,,,,,,0.0005,460
10,0.017779285088181496,0.010036502033472061,0.010036502033472061,1.3600325473817065e-05,1.160722296056349e-09,1.3599164049082901e-05,0.007729183882474899,2.0797138233774604e-07,7.708385237492621e-05,,,505
,,,,,,,,,,,0.0005,506
11,0.014541077427566051,0.010036558844149113,0.010036558844149113,1.2044358300045133e-05,9.724363536633973e-10,1.2043386959703639e-05,0.004492472857236862,1.696899118996953e-07,4.475503374123946e-05,,,551
,,,,,,,,,,,0.0005,552
12,0.01475544273853302,0.010036619380116463,0.010036619380116463,1.0061577086162288e-05,8.076974089554767e-10,1.0060771273856517e-05,0.004708761349320412,1.3784215013856738e-07,4.694977178587578e-05,,,597
,,,,,,,,,,,0.0005,598
13,0.012717952951788902,0.01003667525947094,0.01003667525947094,1.4951730918255635e-05,6.774879546256329e-10,1.4951052435208112e-05,0.002666325308382511,1.1255551868316616e-07,2.6550700567895547e-05,,,643
,,,,,,,,,,,0.0005,644
14,0.012132839299738407,0.010036734864115715,0.010036734864115715,1.6981493899947964e-05,5.607379560679249e-10,1.6980930013232864e-05,0.00207912246696651,9.083106533580576e-08,2.070039408863522e-05,,,689
,,,,,,,,,,,0.0005,690
15,0.010875169187784195,0.010036800988018513,0.010036800988018513,1.7301766774835414e-06,4.5363832135159043e-10,1.7297229533141945e-06,0.0008366379770450294,7.138750390822679e-08,8.294990948343184e-06,,,735
,,,,,,,,,,,0.0005,736
16,0.01089271530508995,0.010036854073405266,0.010036854073405266,1.693179115136445e-06,3.817694493868373e-10,1.6927974684222136e-06,0.0008541703573428094,5.867861929687024e-08,8.483024430461228e-06,,,781
,,,,,,,,,,,0.0005,782
17,0.010595968924462795,0.010036895982921124,0.010036895982921124,1.159524686045188e-06,3.292270900345784e-10,1.159195107902633e-06,0.000557911058422178,4.959917632163524e-08,5.529511327040382e-06,,,827
,,,,,,,,,,,0.0005,828
18,0.01039802748709917,0.01003694161772728,0.01003694161772728,7.082785487000365e-07,2.84574974696028e-10,7.079938768583816e-07,0.000360379577614367,4.204710535304912e-08,3.5617488265415886e-06,,,873
,,,,,,,,,,,0.0005,874
19,0.010066920891404152,0.010036996565759182,0.010036996565759182,3.8407556246511376e-08,2.364600459880961e-10,3.817110183490513e-08,2.9885908588767052e-05,3.4059265630048685e-08,2.647997803251201e-07,,,919
,,,,,,,,,,,0.0005,920
20,0.010047219693660736,0.010037049651145935,0.010037049651145935,3.5775769013923764e-09,1.956687450954675e-10,3.3819085309971797e-09,1.0165659659833182e-05,2.7429594595673734e-08,7.422695347258923e-08,,,965
,,,,,,,,,,,0.0005,966
21,0.010045218281447887,0.010037091560661793,0.010037091560661793,2.1727946108995866e-09,1.6723439300037057e-10,2.0055603844326697e-09,8.122813596855849e-06,2.2947659772398765e-08,5.82804773330281e-08,,,1011
,,,,,,,,,,,0.0005,1012
22,0.010044369846582413,0.010037126019597054,0.010037126019597054,2.1293689034251884e-09,1.4645534784918368e-10,1.982913389042551e-09,7.240819286380429e-06,1.970453311628262e-08,5.2703668984577234e-08,,,1057
,,,,,,,,,,,0.0005,1058
23,0.01004456914961338,0.010037156753242016,0.010037156753242016,3.3527731702065466e-09,1.3041025204163503e-10,3.222362598975792e-09,7.4074978329008445e-06,1.7250316730610393e-08,5.6824671190724985e-08,,,1103
,,,,,,,,,,,0.0005,1104
24,0.010044928640127182,0.01003718376159668,0.01003718376159668,4.772021888754807e-09,1.1770848185044258e-10,4.654312935059579e-09,7.742483830952551e-06,1.5317601409492454e-08,6.210723313415656e-08,,,1149
,,,,,,,,,,,0.0005,1150
25,0.010044257156550884,0.01003720611333847,0.01003720611333847,4.7250638957052615e-09,1.0742395167850916e-10,4.617640936288581e-09,7.047076451272005e-06,1.3775895979506458e-08,5.669487634918369e-08,,,1195
,,,,,,,,,,,0.0005,1196
26,0.010042785666882992,0.010037228465080261,0.010037228465080261,3.318476826663641e-09,9.884185830921766e-11,3.219635003048893e-09,5.5537525440740865e-06,1.2505567248410898e-08,4.303196377009044e-08,,,1241
,,,,,,,,,,,0.0005,1242
27,0.010041856206953526,0.010037245228886604,0.010037245228886604,2.452103409211759e-09,9.160928265972146e-11,2.360493578379419e-09,4.607016308000311e-06,1.1439947655844662e-08,3.463021158722768e-08,,,1287
,,,,,,,,,,,0.0005,1288
28,0.01004173792898655,0.010037264786660671,0.010037264786660671,2.9672559964666334e-09,8.541559126662435e-11,2.881840988067097e-09,4.468276983971009e-06,1.0530099459060693e-08,3.415268778894642e-08,,,1333
,,,,,,,,,,,0.0005,1334
29,0.01004057191312313,0.010037275962531567,0.010037275962531567,1.4875122245072703e-09,7.994777062592107e-11,1.4075645093925004e-09,3.2932086924120085e-06,9.765379616055725e-09,2.3166711216049407e-08,,,1379
,,,,,,,,,,,0.0005,1380
30,0.010040435008704662,0.01003729086369276,0.01003729086369276,1.7497148174783206e-09,7.529057238775394e-11,1.6744238218180385e-09,3.1453823794436175e-06,9.08980091196554e-09,2.2364023521959098e-08,,,1425
,,,,,,,,,,,0.0005,1426
31,0.010040052235126495,0.01003730297088623,0.01003730297088623,1.4822760796562306e-09,7.120955908268556e-11,1.411066596901378e-09,2.7480043627292616e-06,8.503727499942215e-09,1.8976312077256807e-08,,,1471
,,,,,,,,,,,0.0005,1472
32,0.010039803571999073,0.010037313215434551,0.010037313215434551,1.4227311551096022e-09,6.753961279137854e-11,1.3551914035403456e-09,2.4890823624446057e-06,7.980871075119467e-09,1.690995610204027e-08,,,1517
,,,,,,,,,,,0.0005,1518
33,0.010040655732154846,0.010037325322628021,0.010037325322628021,3.5236720208331462e-09,6.425611431826184e-11,3.459415420792311e-09,3.3245071335841203e-06,7.516793409934053e-09,2.5728283503667626e-08,,,1563
,,,,,,,,,,,0.0005,1564
34,0.010040526278316975,0.010037337429821491,0.010037337429821491,3.756982280833654e-09,6.113806683138989e-11,3.695844075224386e-09,3.1828672035771888e-06,7.1003016799409124e-09,2.4728374015126064e-08,,,1609
,,,,,,,,,,,0.0005,1610
35,0.01004083827137947,0.010037349537014961,0.010037349537014961,4.8080512904391526e-09,5.857123119845653e-11,4.749479920462818e-09,3.4839142699638614e-06,6.72495703568643e-09,2.8114182981653357e-08,,,1655
,,,,,,,,,,,0.0005,1656
36,0.010040849447250366,0.010037358850240707,0.010037358850240707,5.192087648708821e-09,5.6059993452928225e-11,5.136028491392608e-09,3.484396756903152e-06,6.38473052205768e-09,2.8459236744993177e-08,,,1701
,,,,,,,,,,,0.0005,1702
37,0.010040733963251114,0.01003736350685358,0.01003736350685358,5.2909809866719115e-09,5.3604370942039736e-11,5.23737586632933e-09,3.3659614473435795e-06,6.067357283257024e-09,2.7592262696884973e-08,,,1747
,,,,,,,,,,,0.0005,1748
38,0.01004061009734869,0.010037372820079327,0.010037372820079327,5.231775457303911e-09,5.157475488348773e-11,5.180201156917974e-09,3.2299017220793758e-06,5.7817981513608174e-09,2.6517227524891496e-08,,,1793
,,,,,,,,,,,0.0005,1794
39,0.01004049088805914,0.010037383995950222,0.010037383995950222,5.0760173841979395e-09,4.965678909729654e-11,5.026360661020135e-09,3.101310539932456e-06,5.51318324326644e-09,2.5499929279249045e-08,,,1839
,,,,,,,,,,,0.0005,1840
40,0.010041038505733013,0.010037386789917946,0.010037386789917946,6.723253065388235e-09,4.784677862246234e-11,6.6754033412053104e-09,3.6455780900723767e-06,5.266734603992518e-09,3.11890389070868e-08,,,1885
,,,,,,,,,,,0.0005,1886
41,0.010041235014796257,0.010037400759756565,0.010037400759756565,7.440402072234065e-09,4.610554993345062e-11,7.394298062735061e-09,3.828966782748466e-06,5.034710870432946e-09,3.325495967487768e-08,,,1931
,,,,,,,,,,,0.0005,1932
42,0.01004119124263525,0.010037403553724289,0.010037403553724289,7.540982949194586e-09,4.44660870624336e-11,7.496516296612299e-09,3.7798540688527282e-06,4.8185246903642565e-09,3.2980029374130027e-08,,,1977
,,,,,,,,,,,0.0005,1978
43,0.010041531175374985,0.01003741193562746,0.01003741193562746,8.682480512334223e-09,4.289047936256729e-11,8.639591264625324e-09,4.111388079763856e-06,4.61444304988845e-09,3.649943636219177e-08,,,2023
,,,,,,,,,,,0.0005,2024
44,0.010041303001344204,0.010037420317530632,0.010037420317530632,8.240905735590331e-09,4.141050349848463e-11,8.199492640414974e-09,3.8774587665102445e-06,4.423724941915452e-09,3.4350861710663594e-08,,,2069
,,,,,,,,,,,0.0005,2070
45,0.01004183478653431,0.01003742404282093,0.01003742404282093,9.92764270790758e-09,4.0022353486879325e-11,9.887618723780633e-09,4.4023154259775765e-06,4.2472731998088875e-09,3.977588036718771e-08,,,2115
,,,,,,,,,,,0.0005,2116
46,0.010041311383247375,0.010037433356046677,0.010037433356046677,8.575691268219998e-09,3.8690026876730954e-11,8.537001328079441e-09,3.8690873225277755e-06,4.074575787882395e-09,3.4616299160461494e-08,,,2161
,,,,,,,,,,,0.0005,2162
47,0.010042164474725723,0.010037435218691826,0.010037435218691826,1.1215488093796466e-08,3.747512369867145e-11,1.1178014958090898e-08,4.71709290650324e-06,3.9151100139633854e-09,4.325582381170534e-08,,,2207
,,,,,,,,,,,0.0005,2208
48,0.010041152127087116,0.010037443600594997,0.010037443600594997,8.382708749365975e-09,3.662095973688828e-11,8.346089153121738e-09,3.698526597872842e-06,3.77485331881644e-09,3.321041575077288e-08,,,2253
,,,,,,,,,,,0.0005,2254
49,0.010042785666882992,0.010037447325885296,0.010037447325885296,1.335169574900874e-08,3.531438683146426e-11,1.3316384439576723e-08,5.3241474233800545e-06,3.634016199072221e-09,4.9607454144506846e-08,,,2299
,,,,,,,,,,,0.0005,2300
50,0.010040676221251488,0.010037451982498169,0.010037451982498169,7.191676143492032e-09,3.415570951070812e-11,7.157522574630093e-09,3.2162211027753074e-06,3.4983942409638757e-09,2.8663816209473225e-08,,,2345
,,,,,,,,,,,0.0005,2346
51,0.010043452493846416,0.010037459433078766,0.010037459433078766,1.5682221743418268e-08,3.322468342115137e-11,1.5649002094164643e-08,5.977529326628428e-06,3.370270285074639e-09,5.640503175641243e-08,,,2391
,,,,,,,,,,,0.0005,2392
52,0.010040231980383396,0.010037459433078766,0.010037459433078766,6.072758740316431e-09,3.253759761623343e-11,6.0402207679999265e-09,2.7655885332933394e-06,3.2654225989858787e-09,2.4390455877210115e-08,97.91928100585938,,2437
,,,,,,,,,,,0.0005,2438
53,0.010043345391750336,0.010037471540272236,0.010037471540272236,1.5821489895984087e-08,3.1338105721534504e-11,1.5790151408623387e-08,5.858467829966685e-06,3.1477798145829183e-09,5.543691372622561e-08,95.96109771728516,,2483
,,,,,,,,,,,0.0005,2484
54,0.010040129534900188,0.010037471540272236,0.010037471540272236,6.031263044548041e-09,3.07622573247901e-11,6.000501429070937e-09,2.652026068972191e-06,3.0392222072350705e-09,2.34810428878518e-08,94.04207611083984,,2529
,,,,,,,,,,,0.0005,2530
55,0.010043280199170113,0.010037477128207684,0.010037477128207684,1.6160125682063153e-08,2.98744813609364e-11,1.613025091273812e-08,5.787512691313168e-06,2.953031819075136e-09,5.492208998703063e-08,92.16143798828125,,2575
,,,,,,,,,,,0.0005,2576
56,0.010039945133030415,0.01003748457878828,0.01003748457878828,5.734360986053844e-09,2.894981823708953e-11,5.705409922285298e-09,2.4545477117499104e-06,2.8486402126048915e-09,2.169683099850772e-08,90.31840515136719,,2621
,,,,,,,,,,,0.0005,2622
57,0.010043171234428883,0.01003748457878828,0.01003748457878828,1.646517411302284e-08,2.858555753215697e-11,1.643658897876321e-08,5.668907306244364e-06,2.772276630480519e-09,5.3916799913622526e-08,88.51223754882812,,2667
,,,,,,,,,,,0.0005,2668
58,0.010039801709353924,0.010037490166723728,0.010037490166723728,5.548908443842038e-09,2.7516874195887553e-11,5.5213935645781476e-09,2.3026318558549974e-06,2.678232302599781e-09,2.0348087659272096e-08,86.74219512939453,,2713
,,,,,,,,,,,0.0005,2714
59,0.010042954236268997,0.010037494823336601,0.010037494823336601,1.644523983657109e-08,2.732506061697837e-11,1.6417912362953757e-08,5.4409747463068925e-06,2.6115700713091883e-09,5.17981639802656e-08,85.00755310058594,,2759
,,,,,,,,,,,0.0005,2760
60,0.010039706714451313,0.010037494823336601,0.010037494823336601,5.556727966649078e-09,2.6200116728936074e-11,5.530526703267924e-09,2.204958263973822e-06,2.5265289860243456e-09,1.9523048067071613e-08,83.30760192871094,,2805
,,,,,,,,,,,0.0005,2806
61,0.010042631067335606,0.0100374985486269,0.0100374985486269,1.611511635246643e-08,2.6092980207059746e-11,1.608902522320932e-08,5.112555754749337e-06,2.465007975516187e-09,4.8660528051414076e-08,81.64164733886719,,2851
,,,,,,,,,,,0.0005,2852
62,0.01003965549170971,0.010037505999207497,0.010037505999207497,5.729220653449829e-09,2.5072484019506014e-11,5.704146932572485e-09,2.1399309844127856e-06,2.3866335574496134e-09,1.9012681207186688e-08,80.00901794433594,,2897
,,,,,,,,,,,0.0005,2898
63,0.010042351670563221,0.010037507861852646,0.010037507861852646,1.594427700979395e-08,2.4889318037124575e-11,1.5919383145046595e-08,4.827397788176313e-06,2.3368391666167554e-09,4.593714564293805e-08,78.40904235839844,,2943
,,,,,,,,,,,0.0005,2944
64,0.010039648972451687,0.010037507861852646,0.010037507861852646,6.1298219833361145e-09,2.407176194485494e-11,6.105749683626982e-09,2.1353587271732977e-06,2.2598587445799012e-09,1.9093725711627485e-08,76.84105682373047,,2989
,,,,,,,,,,,0.0005,2990
65,0.010042022913694382,0.01003752090036869,0.01003752090036869,1.5417946030993335e-08,2.371408451551371e-11,1.539423166718734e-08,4.487707428779686e-06,2.216527850151806e-09,4.26605524239676e-08,75.30443572998047,,3035
,,,,,,,,,,,0.0005,3036
66,0.010039689019322395,0.010037521831691265,0.010037521831691265,6.605257674152654e-09,2.358943075597697e-11,6.581668543503838e-09,2.1616908725263784e-06,2.1482657874827282e-09,1.946864536250814e-08,73.79855346679688,,3081
,,,,,,,,,,,0.0005,3082
67,0.010041587986052036,0.010037521831691265,0.010037521831691265,1.4483510391016807e-08,2.25672692338863e-11,1.4460945330085906e-08,4.052742497151485e-06,2.1017827478431172e-09,3.842564666456383e-08,72.32278442382812,,3127
,,,,,,,,,,,0.0005,3128
68,0.010039864107966423,0.010037521831691265,0.010037521831691265,7.725274642211843e-09,2.25672692338863e-11,7.702707804924103e-09,2.3355280518444488e-06,2.0617736407047005e-09,2.1293502072694537e-08,70.87652587890625,,3173
,,,,,,,,,,,0.0005,3174
69,0.010041097179055214,0.010037532076239586,0.010037532076239586,1.3237403173604889e-08,2.181357004749085e-11,1.3215590399795474e-08,3.5532552828954067e-06,1.995308362978676e-09,3.3537240540226776e-08,69.45919799804688,,3219
,,,,,,,,,,,0.0005,3220
70,0.010040040127933025,0.01003753300756216,0.01003753300756216,8.995137079637061e-09,2.1448875661689293e-11,8.973685794444464e-09,2.4982000468298793e-06,1.9622554692233507e-09,2.3019749662012146e-08,68.0702133178711,,3265
,,,,,,,,,,,0.0005,3266
71,0.01004088670015335,0.01003753300756216,0.01003753300756216,1.2903002222230953e-08,2.1448875661689293e-11,1.2881552713395195e-08,3.3409933166694827e-06,1.92021376577145e-09,3.148972282929208e-08,66.7090072631836,,3311
,,,,,,,,,,,0.0005,3312
72,0.010039913468062878,0.01003753300756216,0.01003753300756216,8.954526897753112e-09,2.0619559878976013e-11,8.933904283026095e-09,2.3717429940006696e-06,1.8627261955117547e-09,2.185470471260942e-08,65.37503051757812,,3357
,,,,,,,,,,,0.0005,3358
73,0.010040667839348316,0.01003753300756216,0.01003753300756216,1.2430304785482349e-08,2.0358914207263545e-11,1.2409950400638081e-08,3.121500412817113e-06,1.836089724704948e-09,2.9378918853240066e-08,64.06773376464844,,3403
,,,,,,,,,,,0.0005,3404
74,0.010039950720965862,0.010037544183433056,0.010037544183433056,9.358702257600271e-09,2.0358914207263545e-11,9.338341655507065e-09,2.394734337940463e-06,1.8007638713513074e-09,2.2146576128534434e-08,62.78657531738281,,3449
,,,,,,,,,,,0.0005,3450
75,0.01004041638225317,0.010037544183433056,0.010037544183433056,1.1811128075578381e-08,1.962044589298717e-11,1.1791507326108785e-08,2.8615766041184543e-06,1.7444212740969078e-09,2.687135847168065e-08,61.53104782104492,,3495
,,,,,,,,,,,0.00025,3496
76,0.010037938132882118,0.010037544183433056,0.010037544183433056,5.376873390972037e-10,1.9297364053927346e-11,5.183898865723791e-10,3.9166718579508597e-07,1.727220255709483e-09,2.189451064893433e-09,60.30062484741211,,3541
,,,,,,,,,,,0.00025,3542
77,0.010037917643785477,0.010037544183433056,0.010037544183433056,5.912555445242162e-10,1.9297364053927346e-11,5.719581475105429e-10,3.752201394036092e-07,1.7178256594974073e-09,2.0343760009922107e-09,59.09481430053711,,3587
,,,,,,,,,,,0.00025,3588
78,0.010037887841463089,0.010037544183433056,0.010037544183433056,4.5403453219350354e-10,1.9297364053927346e-11,4.3473713517983015e-10,3.408447639685619e-07,1.7062523616218073e-09,1.7021947185114072e-09,57.91312026977539,,3633
,,,,,,,,,,,0.00025,3634
79,0.010037872940301895,0.010037544183433056,0.010037544183433056,4.367349537570675e-10,1.9297364053927346e-11,4.174375012322429e-10,3.2845821351656923e-07,1.6936763103103658e-09,1.590906073545284e-09,56.75505828857422,,3679
,,,,,,,,,,,0.00025,3680
80,0.010037866421043873,0.010037544183433056,0.010037544183433056,4.454802360331911e-10,1.9297364053927346e-11,4.2618278350836647e-10,3.2135559990820184e-07,1.6791856793929583e-09,1.5343700754399947e-09,55.620155334472656,,3725
,,,,,,,,,,,0.00025,3726
81,0.010037869215011597,0.010037544183433056,0.010037544183433056,5.362877919523612e-10,1.9297364053927346e-11,5.16990450449839e-10,3.224436966320354e-07,1.6573112882056762e-09,1.5671256514693255e-09,54.50795364379883,,3771
,,,,,,,,,,,0.00025,3772
82,0.01003787387162447,0.010037544183433056,0.010037544183433056,7.218482478421606e-10,1.9297364053927346e-11,7.025509063396385e-10,3.2941713357104163e-07,1.630539814279075e-09,1.6636314548179598e-09,53.41799545288086,,3817
,,,,,,,,,,,0.00025,3818
83,0.010037878528237343,0.010037544183433056,0.010037544183433056,8.765697057100397e-10,1.8421451863925853e-11,8.581479971070394e-10,3.3364742080266296e-07,1.6100911715000166e-09,1.726383258571218e-09,52.34983825683594,,3863
,,,,,,,,,,,0.00025,3864
84,0.010037874802947044,0.010037549771368504,0.010037549771368504,7.996043271951692e-10,1.8264237344745027e-11,7.813397706613046e-10,3.2251682569039986e-07,1.6027577043331576e-09,1.6224100951589548e-09,51.30303955078125,,3909
,,,,,,,,,,,0.00025,3910
85,0.010037870146334171,0.010037555359303951,0.010037555359303951,7.032930904316004e-10,1.8264237344745027e-11,6.850284783865845e-10,3.1289545177060063e-07,1.5954844112542332e-09,1.5334701286562336e-09,50.27717971801758,,3955
,,,,,,,,,,,0.00025,3956
86,0.010037883184850216,0.010037556290626526,0.010037556290626526,8.535689932642754e-10,1.8264237344745027e-11,8.353046587750157e-10,3.239191812554054e-07,1.5868355518477983e-09,1.6523560297798667e-09,49.2718391418457,,4001
,,,,,,,,,,,0.00025,4002
87,0.010037899017333984,0.010037556290626526,0.010037556290626526,1.0761150859295299e-09,1.8264237344745027e-11,1.0578511400183288e-09,3.387851279512688e-07,1.5770189598640627e-09,1.8108320398724231e-09,48.28660202026367,,4047
,,,,,,,,,,,0.00025,4048
88,0.010037891566753387,0.010037556290626526,0.010037556290626526,1.0829435126424869e-09,1.8264237344745027e-11,1.0646796777535883e-09,3.367925955899409e-07,1.5654698648503995e-09,1.8024557402185337e-09,47.32107162475586,,4093
,,,,,,,,,,,0.00025,4094
89,0.010037886910140514,0.010037556290626526,0.010037556290626526,9.69034186226736e-10,1.8264237344745027e-11,9.507699072486275e-10,3.281055569459568e-07,1.5531137487201363e-09,1.7279420116977917e-09,46.37485122680664,,4139
,,,,,,,,,,,0.00025,4140
90,0.010037906467914581,0.010037556290626526,0.010037556290626526,1.1962228985140655e-09,1.8264237344745027e-11,1.177958619535957e-09,3.4739093734970083e-07,1.5394391317258282e-09,1.934469695541452e-09,45.44755172729492,,4185
,,,,,,,,,,,0.00025,4186
91,0.010037925094366074,0.010037556290626526,0.010037556290626526,1.4965078065642956e-09,1.8264237344745027e-11,1.478243971675397e-09,3.670624835194758e-07,1.5174456136080039e-09,2.1531794125451142e-09,44.53880310058594,,4231
,,,,,,,,,,,0.00025,4232
92,0.010037914849817753,0.010037556290626526,0.010037556290626526,1.5010598319875612e-09,1.8264237344745027e-11,1.4827959970986626e-09,3.558913590495649e-07,1.4922086899460396e-09,2.0667048072908756e-09,43.64822769165039,,4277
,,,,,,,,,,,0.00025,4278
93,0.010037870146334171,0.010037556290626526,0.010037556290626526,1.0487229973321632e-09,1.736873839197628e-11,1.03135389117881e-09,3.0994365829428716e-07,1.4744369059016549e-09,1.6249988021854733e-09,42.77546310424805,,4323
,,,,,,,,,,,0.00025,4324
94,0.01003784965723753,0.010037556290626526,0.010037556290626526,8.10478351098709e-10,1.7259530610269636e-11,7.932186574244326e-10,2.905013900544873e-07,1.4674370607536957e-09,1.4375761692164701e-09,41.9201545715332,,4369
,,,,,,,,,,,0.00025,4370
95,0.010037851519882679,0.010037556290626526,0.010037556290626526,7.87445775252138e-10,1.7259530610269636e-11,7.701860815778616e-10,2.929472202595207e-07,1.4607586251713656e-09,1.4687139282543171e-09,41.08195495605469,,4415
,,,,,,,,,,,0.00025,4416
96,0.010037861764431,0.010037556290626526,0.010037556290626526,8.540765317199828e-10,1.7259530610269636e-11,8.368167825345552e-10,3.0125306693662424e-07,1.452890696640452e-09,1.5596398617034879e-09,40.26051330566406,,4461
,,,,,,,,,,,0.00025,4462
97,0.010037872940301895,0.010037556290626526,0.010037556290626526,1.0407041894922031e-09,1.7259530610269636e-11,1.023444551329078e-09,3.1719582693767734e-07,1.4441544626819791e-09,1.7278036779089234e-09,39.45550537109375,,4507
,,,,,,,,,,,0.00025,4508
98,0.010037895292043686,0.010037556290626526,0.010037556290626526,1.2794955095429827e-09,1.7259530610269636e-11,1.2622360934244625e-09,3.359020297466486e-07,1.4337540044095931e-09,1.9252659466673094e-09,38.666595458984375,,4553
,,,,,,,,,,,0.00025,4554
99,0.010037957690656185,0.010037556290626526,0.010037556290626526,1.9379224891480362e-09,1.7259530610269636e-11,1.920661851784189e-09,3.9882729652163107e-07,1.4216755550577886e-09,2.5665973790722774e-09,37.893463134765625,,4599
,,,,,,,,,,,0.00025,4600
100,0.010038066655397415,0.010037556290626526,0.010037556290626526,2.9213149677076444e-09,1.7259530610269636e-11,2.904055218522217e-09,5.042252837483829e-07,1.4081424914991203e-09,3.634110790073919e-09,37.13579559326172,,4645
,,,,,,,,,,,0.00025,4646
101,0.0100381625816226,0.010037558153271675,0.010037558153271675,3.5666807285394952e-09,1.7259530610269636e-11,3.5494209793540676e-09,5.993130116621614e-07,1.3902653472896986e-09,4.6028647560092395e-09,36.393280029296875,,4691
,,,,,,,,,,,0.00025,4692
102,0.010038112290203571,0.010037567466497421,0.010037567466497421,2.7928623858031187e-09,1.7259530610269636e-11,2.775603302751506e-09,5.409530103861471e-07,1.3654247732475255e-09,4.044105494926953e-09,35.66561508178711,,4737
,,,,,,,,,,,0.00025,4738
103,0.010038027539849281,0.010037568397819996,0.010037568397819996,1.9424473141071985e-09,1.6495482063616507e-11,1.9259520644965278e-09,4.566240647818631e-07,1.3436129986388323e-09,3.2226279422786774e-09,34.9525032043457,,4783
,,,,,,,,,,,0.00025,4784
104,0.01003809180110693,0.010037568397819996,0.010037568397819996,2.3407686899901137e-09,1.6283247319948124e-11,2.324486159110961e-09,5.20565833994624e-07,1.3355757610966634e-09,3.870082032619848e-09,34.25365447998047,,4829
,,,,,,,,,,,0.00025,4830
105,0.01003821287304163,0.010037568397819996,0.010037568397819996,2.927127873419977e-09,1.6283247319948124e-11,2.9108451204962194e-09,6.402988788067887e-07,1.328914533971215e-09,5.074074937994055e-09,33.568782806396484,,4875
,,,,,,,,,,,0.00025,4876
106,0.010038650594651699,0.010037568397819996,0.010037568397819996,5.526780810782839e-09,1.6283247319948124e-11,5.510498723992896e-09,1.0755983339549857e-06,1.3219630945471295e-09,9.434019787590842e-09,32.89760971069336,,4921
,,,,,,,,,,,0.00025,4922
107,0.010038723237812519,0.010037568397819996,0.010037568397819996,5.407894132503088e-09,1.6283247319948124e-11,5.391611157534726e-09,1.150787397818931e-06,1.3133144571852995e-09,1.019456163930954e-08,32.2398567199707,,4967
,,,,,,,,,,,0.00025,4968
108,0.010038799606263638,0.010037568397819996,0.010037568397819996,5.620983234422283e-09,1.6283247319948124e-11,5.604700259453921e-09,1.2236962447786937e-06,1.303069430136361e-09,1.093389467854422e-08,31.595260620117188,,5013
,,,,,,,,,,,0.00025,5014
109,0.010038855485618114,0.010037568397819996,0.010037568397819996,5.899745580961735e-09,1.6283247319948124e-11,5.883463494171792e-09,1.279282969335327e-06,1.2904427526549966e-09,1.150238926328484e-08,30.96355628967285,,5059
,,,,,,,,,,,0.00025,5060
110,0.010038883425295353,0.010037568397819996,0.010037568397819996,6.133754837378547e-09,1.6283247319948124e-11,6.117472306499394e-09,1.3056685475021368e-06,1.2758910594712347e-09,1.1780793229831943e-08,30.344486236572266,,5105
,,,,,,,,,,,0.00025,5106
111,0.010038857348263264,0.010037568397819996,0.010037568397819996,6.173146438470667e-09,1.6283247319948124e-11,6.156864351680724e-09,1.2826619695260888e-06,1.2517297198755273e-09,1.1574887714971283e-08,29.737796783447266,,5151
,,,,,,,,,,,0.00025,5152
112,0.010038872249424458,0.010037568397819996,0.010037568397819996,6.4586265224875206e-09,1.5788708881969704e-11,6.4428373747205114e-09,1.2969887848157668e-06,1.224804369037713e-09,1.174508224011106e-08,29.14324188232422,,5197
,,,,,,,,,,,0.00025,5198
113,0.010038865730166435,0.010037568397819996,0.010037568397819996,6.555532561236532e-09,1.5335382269610065e-11,6.54019727264199e-09,1.2885715250376961e-06,1.2145060512835926e-09,1.1671211552766181e-08,28.560577392578125,,5243
,,,,,,,,,,,0.00025,5244
114,0.010038902051746845,0.010037568397819996,0.010037568397819996,6.848813072224402e-09,1.5335382269610065e-11,6.83347645136223e-09,1.3276123809191631e-06,1.208280253628402e-09,1.2067843613294826e-08,27.989566802978516,,5289
,,,,,,,,,,,0.00025,5290
115,0.01003886479884386,0.010037568397819996,0.010037568397819996,6.629301552152356e-09,1.5335382269610065e-11,6.613966263557813e-09,1.287117356696399e-06,1.2015692885114504e-09,1.1669603949826524e-08,27.429975509643555,,5335
,,,,,,,,,,,0.00025,5336
116,0.010038893669843674,0.010037568397819996,0.010037568397819996,6.959834042419288e-09,1.5335382269610065e-11,6.944496533378697e-09,1.3158022511561285e-06,1.1942511424223312e-09,1.1963771306966464e-08,26.881576538085938,,5381
,,,,,,,,,,,0.00025,5382
117,0.01003885455429554,0.010037568397819996,0.010037568397819996,6.899861126896667e-09,1.5335382269610065e-11,6.8845262823913345e-09,1.2771680530931917e-06,1.1852590020566822e-09,1.1586421599929508e-08,26.344146728515625,,5427
,,,,,,,,,,,0.00025,5428
118,0.010038834065198898,0.010037579573690891,0.010037579573690891,6.9087686682678395e-09,1.5335382269610065e-11,6.893433823762507e-09,1.2457534239729284e-06,1.1738828797902556e-09,1.1283651346616352e-08,25.81746482849121,,5473
,,,,,,,,,,,0.00025,5474
119,0.0100388303399086,0.010037580505013466,0.010037580505013466,7.009807845292926e-09,1.5335382269610065e-11,6.994471224430754e-09,1.2426767170836683e-06,1.1610368222392253e-09,1.1265730570642063e-08,25.301315307617188,,5519
,,,,,,,,,,,0.00025,5520
120,0.010038821958005428,0.010037580505013466,0.010037580505013466,7.0098735704959836e-09,1.5335382269610065e-11,6.994540058258281e-09,1.2324344424996525e-06,1.1466882998689698e-09,1.117765258129566e-08,24.795490264892578,,5565
,,,,,,,,,,,0.00025,5566
121,0.010038746520876884,0.010037580505013466,0.010037580505013466,6.714497846616041e-09,1.5335382269610065e-11,6.699160781664659e-09,1.1568000672923517e-06,1.1220011586488e-09,1.0445997844499288e-08,24.299781799316406,,5611
,,,,,,,,,,,0.00025,5612
122,0.010038753040134907,0.010037580505013466,0.010037580505013466,7.046680128297567e-09,1.491563816902186e-11,7.031762283560283e-09,1.1645246331681847e-06,1.102273494701933e-09,1.0542972717075827e-08,23.81398582458496,,5657
,,,,,,,,,,,0.00025,5658
123,0.010038728825747967,0.010037580505013466,0.010037580505013466,7.03429003934275e-09,1.4415942398149362e-11,7.019872239055758e-09,1.1400794619476073e-06,1.0921126225582611e-09,1.030868190809997e-08,23.337907791137695,,5703
,,,,,,,,,,,0.00025,5704
124,0.010038726031780243,0.010037580505013466,0.010037580505013466,7.119937972532853e-09,1.4415942398149362e-11,7.10552283678112e-09,1.1378876934031723e-06,1.086079670642448e-09,1.0292798613420473e-08,22.871349334716797,,5749
,,,,,,,,,,,0.00025,5750
125,0.010038726963102818,0.010037580505013466,0.010037580505013466,7.26848092824639e-09,1.4415942398149362e-11,7.254065792494657e-09,1.1372304697943036e-06,1.079849432095159e-09,1.029245311201521e-08,22.41412353515625,,5795
,,,,,,,,,,,0.00025,5796
126,0.010038724169135094,0.010037580505013466,0.010037580505013466,7.429851844875657e-09,1.4415942398149362e-11,7.4154375973023434e-09,1.1335947647239664e-06,1.0733836042220446e-09,1.0262563243657041e-08,21.966041564941406,,5841
,,,,,,,,,,,0.00025,5842
127,0.010038699954748154,0.010037580505013466,0.010037580505013466,7.449270089665561e-09,1.4415942398149362e-11,7.4348549539138276e-09,1.1120220051452634e-06,1.066640997748891e-09,1.0053575749680022e-08,21.52692222595215,,5887
,,,,,,,,,,,0.00025,5888
128,0.01003869716078043,0.010037580505013466,0.010037580505013466,7.556753445214781e-09,1.4415942398149362e-11,7.542337421284628e-09,1.1081278898927849e-06,1.0596508115412462e-09,1.0021631524637087e-08,21.09658432006836,,5933
,,,,,,,,,,,0.00025,5934
129,0.010038661770522594,0.010037580505013466,0.010037580505013466,7.611644647909088e-09,1.4415942398149362e-11,7.597228623978936e-09,1.0722289971454302e-06,1.0518846904616908e-09,9.67040847399403e-09,20.674854278564453,,5979
,,,,,,,,,,,0.00025,5980
130,0.010038672015070915,0.010037580505013466,0.010037580505013466,8.349861246870205e-09,1.4415942398149362e-11,8.335444334761632e-09,1.0823407592397416e-06,1.0430681873785375e-09,9.780340981535574e-09,20.26155662536621,,6025
,,,,,,,,,,,0.00025,6026
131,0.010038642212748528,0.010037580505013466,0.010037580505013466,9.002177669970024e-09,1.4415942398149362e-11,8.987761646039871e-09,1.0508880450288416e-06,1.033668817207456e-09,9.475212614518114e-09,19.85652732849121,,6071
,,,,,,,,,,,0.000125,6072
132,0.010037800297141075,0.010037580505013466,0.010037580505013466,9.33437438455087e-10,1.4415942398149362e-11,9.190218586141441e-10,2.1677206518688763e-07,1.0283566220792295e-09,1.1393634924417029e-09,19.459596633911133,,6117
,,,,,,,,,,,0.000125,6118
133,0.010037797503173351,0.010037580505013466,0.010037580505013466,1.980476005414289e-09,1.4415942398149362e-11,1.966059981484136e-09,2.1281877593537502e-07,1.0240372994019253e-09,1.104150104680457e-09,19.070606231689453,,6163
,,,,,,,,,,,0.000125,6164
134,0.010037781670689583,0.010037580505013466,0.010037580505013466,2.319481273715951e-09,1.4415942398149362e-11,2.3050650277411933e-09,1.9746384793961624e-07,1.0195978505933567e-09,9.550403801128482e-10,18.689393997192383,,6209
,,,,,,,,,,,0.000125,6210
135,0.010037777945399284,0.010037580505013466,0.010037580505013466,2.3970836426912e-09,1.4415942398149362e-11,2.3826676187610474e-09,1.9321007016515068e-07,1.0151621765430718e-09,9.16938525108435e-10,18.315807342529297,,6255
,,,,,,,,,,,0.000125,6256
136,0.010037774220108986,0.010037580505013466,0.010037580505013466,2.044889368946201e-09,1.4415942398149362e-11,2.0304735670606533e-09,1.910843536734319e-07,1.0105636327750744e-09,9.002796286239345e-10,17.949691772460938,,6301
,,,,,,,,,,,0.000125,6302
137,0.010037774220108986,0.010037580505013466,0.010037580505013466,1.4755701105428898e-09,1.4415942398149362e-11,1.4611541976350395e-09,1.894957364356742e-07,1.0063481159505727e-09,8.886095193005872e-10,17.590898513793945,,6347
,,,,,,,,,,,0.000125,6348
138,0.01003777515143156,0.010037580505013466,0.010037580505013466,1.2248051461938303e-09,1.4415942398149362e-11,1.2103891222636776e-09,1.9135536888370552e-07,1.0021250496095035e-09,9.11428654770674e-10,17.239282608032227,,6393
,,,,,,,,,,,0.000125,6394
139,0.010037781670689583,0.010037580505013466,0.010037580505013466,1.4731403874534976e-09,1.4415942398149362e-11,1.4587246965902523e-09,1.9644463122858724e-07,9.97887994458324e-10,9.665587219487293e-10,16.894697189331055,,6439
,,,,,,,,,,,0.000125,6440
140,0.010037785395979881,0.010037580505013466,0.010037580505013466,2.0793753385817126e-09,1.4415942398149362e-11,2.064959536696165e-09,2.0342740469914133e-07,9.934242317655162e-10,1.0408497397307315e-09,16.557003021240234,,6485
,,,,,,,,,,,0.000125,6486
141,0.010037790983915329,0.010037580505013466,0.010037580505013466,2.5478184006999527e-09,1.4415942398149362e-11,2.533402154725195e-09,2.0582940862823307e-07,9.892138219669278e-10,1.0690804908009e-09,16.226064682006836,,6531
,,,,,,,,,,,0.000125,6532
142,0.010037781670689583,0.010037580505013466,0.010037580505013466,2.307032342940829e-09,1.4415942398149362e-11,2.2926165410552812e-09,1.9919302474136202e-07,9.852055837811236e-10,1.0067244815559206e-09,15.90174388885498,,6577
,,,,,,,,,,,0.000125,6578
143,0.010037776082754135,0.010037580505013466,0.010037580505013466,1.8902337473036823e-09,1.4415942398149362e-11,1.8758177233735296e-09,1.9361283420948894e-07,9.812665124897535e-10,9.548616342058835e-10,15.58390998840332,,6623
,,,,,,,,,,,0.000125,6624
144,0.010037781670689583,0.010037580505013466,0.010037580505013466,1.969268303980698e-09,1.4415942398149362e-11,1.9548522800505452e-09,1.9723105992852652e-07,9.774945297635895e-10,9.948162293937912e-10,15.272432327270508,,6669
,,,,,,,,,,,0.000125,6670
145,0.010037790983915329,0.010037580505013466,0.010037580505013466,2.449475733357076e-09,1.4415942398149362e-11,2.4350599314715282e-09,2.0611850004570442e-07,9.737941564225139e-10,1.0873909550568328e-09,14.967184066772461,,6715
,,,,,,,,,,,0.000125,6716
146,0.010037796571850777,0.010037580505013466,0.010037580505013466,2.7710012062698297e-09,1.4415942398149362e-11,2.756585404384282e-09,2.112719528213347e-07,9.700459324690769e-10,1.1426736223896228e-09,14.668041229248047,,6761
,,,,,,,,,,,0.000125,6762
147,0.010037788189947605,0.010037580505013466,0.010037580505013466,2.5339603748619766e-09,1.4415942398149362e-11,2.5195447950210337e-09,2.0671222955570556e-07,9.661615951728209e-10,1.1009606559753138e-09,14.374881744384766,,6807
,,,,,,,,,,,0.000125,6808
148,0.010037793777883053,0.010037580505013466,0.010037580505013466,2.056820269658033e-09,1.4415942398149362e-11,2.042404467772485e-09,2.0881607554201764e-07,9.624749885972506e-10,1.1256857668229259e-09,14.087584495544434,,6853
,,,,,,,,,,,0.000125,6854
149,0.010037808679044247,0.010037580505013466,0.010037580505013466,2.2051112047449806e-09,1.4415942398149362e-11,2.1906954028594328e-09,2.2398798193989933e-07,9.590785943203173e-10,1.2808012428422444e-09,13.806034088134766,,6899
,,,,,,,,,,,0.000125,6900
150,0.01003782358020544,0.010037580505013466,0.010037580505013466,2.6398569996644028e-09,1.4415942398149362e-11,2.62544141982346e-09,2.382276846901732e-07,9.557200586485237e-10,1.4265575387639728e-09,13.53011417388916,,6945
,,,,,,,,,,,0.000125,6946
151,0.01003781333565712,0.010037580505013466,0.010037580505013466,2.483892647120456e-09,1.4415942398149362e-11,2.469476845234908e-09,2.2858938564240816e-07,9.521947674784315e-10,1.333699040095837e-09,13.259712219238281,,6991
,,,,,,,,,,,0.000125,6992
152,0.010037786327302456,0.010037580505013466,0.010037580505013466,1.736280341724239e-09,1.4415942398149362e-11,1.7218646508609936e-09,2.0010178047868976e-07,9.487269858610148e-10,1.0522910320887036e-09,12.994718551635742,,7037
,,,,,,,,,,,0.000125,7038
153,0.01003777515143156,0.010037580505013466,0.010037580505013466,1.3642931229185251e-09,1.4415942398149362e-11,1.3498773210329773e-09,1.9167306675171858e-07,9.449743210154793e-10,9.717563420608144e-10,12.735025405883789,,7083
,,,,,,,,,,,0.000125,7084
154,0.010037777945399284,0.010037580505013466,0.010037580505013466,1.367955637654461e-09,1.4415942398149362e-11,1.3535395027020058e-09,1.9456030031506089e-07,9.417386870325117e-10,1.0038644360221838e-09,12.480525016784668,,7129
,,,,,,,,,,,0.000125,7130
155,0.010037782602012157,0.010037580505013466,0.010037580505013466,1.5718076840087747e-09,1.4415942398149362e-11,1.5573915490563195e-09,1.9747849933082762e-07,9.381332377600415e-10,1.0366517644300188e-09,12.231115341186523,,7175
,,,,,,,,,,,0.000125,7176
156,0.010037790983915329,0.010037580505013466,0.010037580505013466,1.6426550120129946e-09,1.4415942398149362e-11,1.6282388770605394e-09,2.07368316296197e-07,9.343877893641661e-10,1.1392953247479909e-09,11.9866943359375,,7221
,,,,,,,,,,,0.000125,7222
157,0.01003780122846365,0.010037580505013466,0.010037580505013466,1.3802582410349373e-09,1.4415942398149362e-11,1.3658422171047846e-09,2.1989710319303413e-07,9.304084169770022e-10,1.2685625883079865e-09,11.747160911560059,,7267
,,,,,,,,,,,0.000125,7268
158,0.01003783568739891,0.010037578642368317,0.010037578642368317,1.4183975105552804e-09,1.4415942398149362e-11,1.4039817086697326e-09,2.5427931404919946e-07,9.261191813436653e-10,1.6166744609691364e-09,11.512418746948242,,7313
,,,,,,,,,,,0.000125,7314
159,0.010037887841463089,0.010037573985755444,0.010037573985755444,2.04481809262802e-09,1.4415942398149362e-11,2.0304020686978674e-09,3.111845501280186e-07,9.219338070742822e-10,2.1899113633594425e-09,11.282370567321777,,7359
,,,,,,,,,,,0.000125,7360
160,0.010037953965365887,0.010037568397819996,0.010037568397819996,2.6422273258219775e-09,1.4415942398149362e-11,2.6278115239364297e-09,3.7969499544487917e-07,9.175672444072802e-10,2.879382066112157e-09,11.056923866271973,,7405
,,,,,,,,,,,0.000125,7406
161,0.010037975385785103,0.010037568397819996,0.010037568397819996,2.7561657400809736e-09,1.4415942398149362e-11,2.7417499381954258e-09,4.0373907950197463e-07,9.131478906354573e-10,3.124243086460865e-09,10.835986137390137,,7451
,,,,,,,,,,,0.000125,7452
162,0.010037955828011036,0.010037568397819996,0.010037568397819996,2.793631992403789e-09,1.4415942398149362e-11,2.779216412562846e-09,3.8211902619877947e-07,9.086187913176502e-10,2.9125710732103016e-09,10.619467735290527,,7497
,,,,,,,,,,,0.000125,7498
163,0.010037907399237156,0.010037568397819996,0.010037568397819996,2.6112936257760566e-09,1.4415942398149362e-11,2.596877601845904e-09,3.339408749525319e-07,9.040120318992706e-10,2.4353963290479896e-09,10.407279014587402,,7543
,,,,,,,,,,,0.000125,7544
164,0.010037909261882305,0.010037568397819996,0.010037568397819996,3.0457025790298076e-09,1.4415942398149362e-11,3.0312869991888647e-09,3.3686825418044464e-07,8.99319341218785e-10,2.4693631583971865e-09,10.199334144592285,,7589
,,,,,,,,,,,0.000125,7590
165,0.010037953034043312,0.010037568397819996,0.010037568397819996,4.244666396147068e-09,1.4415942398149362e-11,4.230250372216915e-09,3.7877353520343604e-07,8.94405494111794e-10,2.893330242059733e-09,9.995548248291016,,7635
,,,,,,,,,,,0.000125,7636
166,0.010037966072559357,0.010037568397819996,0.010037568397819996,5.945232750548257e-09,1.4415942398149362e-11,5.930815838439685e-09,3.899085641023703e-07,8.894338043852201e-10,3.0096516390187844e-09,9.795838356018066,,7681
,,,,,,,,,,,0.000125,7682
167,0.010037955828011036,0.010037568397819996,0.010037568397819996,6.172629962719611e-09,1.4415942398149362e-11,6.1582139387894586e-09,3.8021201476112765e-07,8.844238119642966e-10,2.9176960847365763e-09,9.60012149810791,,7727
,,,,,,,,,,,0.000125,7728
168,0.01003798097372055,0.010037568397819996,0.010037568397819996,4.7910293510256e-09,1.4415942398149362e-11,4.776613327095447e-09,4.062754328515439e-07,8.793913375271245e-10,3.1833626845667595e-09,9.408320426940918,,7773
,,,,,,,,,,,0.000125,7774
169,0.010038030333817005,0.010037568397819996,0.010037568397819996,4.965219790875608e-09,1.4415942398149362e-11,4.950803766945455e-09,4.5769994017064164e-07,8.743111790110447e-10,3.70268815608199e-09,9.220355033874512,,7819
,,,,,,,,,,,0.000125,7820
170,0.010038045234978199,0.010037568397819996,0.010037568397819996,5.3606257210958574e-09,1.463580645566509e-11,5.345990317096039e-09,4.704856451098749e-07,8.715796417924082e-10,3.833276362996685e-09,9.036148071289062,,7865
,,,,,,,,,,,0.000125,7866
171,0.01003805361688137,0.010037568397819996,0.010037568397819996,9.597182604181853e-09,1.481569901484736e-11,9.582363347249157e-09,4.7483430876127386e-07,8.719427402326119e-10,3.876400533897595e-09,8.855626106262207,,7911
,,,,,,,,,,,0.000125,7912
172,0.010038068518042564,0.010037568397819996,0.010037568397819996,1.0945937489736934e-08,1.5015579057919837e-11,1.0930920169016645e-08,4.898142265119532e-07,8.734206691229929e-10,4.0247214450062074e-09,8.678714752197266,,7957
,,,,,,,,,,,0.000125,7958
173,0.010038048028945923,0.010037568397819996,0.010037568397819996,6.888135839488996e-09,1.523544485015904e-11,6.872901359145089e-09,4.710518624051474e-07,8.761545933211323e-10,3.834363049293188e-09,8.505340576171875,,8003
,,,,,,,,,,,0.000125,8004
174,0.010038052685558796,0.010037568397819996,0.010037568397819996,6.843343225426679e-09,1.5335382269610065e-11,6.828007936832137e-09,4.780678182214615e-07,8.805615125950794e-10,3.9001171181496375e-09,8.335434913635254,,8049
,,,,,,,,,,,0.000125,8050
175,0.010038044303655624,0.010037561878561974,0.010037561878561974,1.9710023835273205e-08,1.5335382269610065e-11,1.9694683217608144e-08,4.6232415229496837e-07,8.817455099396909e-10,3.741495557818553e-09,8.168927192687988,,8095
,,,,,,,,,,,0.000125,8096
176,0.010038059204816818,0.010037556290626526,0.010037556290626526,1.0681977080650995e-08,1.5335382269610065e-11,1.0666639127521194e-08,4.932946353619627e-07,8.793438754928218e-10,4.053601010411967e-09,8.005748748779297,,8141
,,,,,,,,,,,0.000125,8142
177,0.010038025677204132,0.010037556290626526,0.010037556290626526,9.717607163395314e-09,1.5335382269610065e-11,9.702271874800772e-09,4.5918292812530126e-07,8.76076988731711e-10,3.7157523724573593e-09,7.845834732055664,,8187
,,,,,,,,,,,0.000125,8188
178,0.010038057342171669,0.010037556290626526,0.010037556290626526,2.204301630115424e-08,1.5335382269610065e-11,2.2027679236202857e-08,4.787758030033729e-07,8.712409682587463e-10,3.9165168885801904e-09,7.6891188621521,,8233
,,,,,,,,,,,0.000125,8234
179,0.010038018226623535,0.010037556290626526,0.010037556290626526,8.03319544218084e-09,1.5335382269610065e-11,8.017861041764718e-09,4.527495605088916e-07,8.654468808266813e-10,3.6620479981763765e-09,7.535537242889404,,8279
,,,,,,,,,,,0.000125,8280
180,0.01003803126513958,0.010037556290626526,0.010037556290626526,1.1321783510709338e-08,1.5335382269610065e-11,1.1306446445757956e-08,4.6420532839874795e-07,8.592704325849354e-10,3.782783419836733e-09,7.3850274085998535,,8325
,,,,,,,,,,,0.000125,8326
181,0.010038015432655811,0.010037556290626526,0.010037556290626526,1.9591373856542305e-08,1.5335382269610065e-11,1.9576038567947762e-08,4.401561000122456e-07,8.527982764405806e-10,3.548762617100465e-09,7.237527370452881,,8371
,,,,,,,,,,,0.000125,8372
182,0.010038100183010101,0.010037556290626526,0.010037556290626526,4.7444789430528544e-08,1.5582651488599275e-11,4.742920012290597e-08,4.952370886712743e-07,8.501734871657618e-10,4.10219636037823e-09,7.092977523803711,,8417
,,,,,,,,,,,0.000125,8418
183,0.010038001462817192,0.010037554427981377,0.010037554427981377,5.3230784224922445e-09,1.5850525753036138e-11,5.307228878592696e-09,4.396596580136247e-07,8.536282236626391e-10,3.5429681410903413e-09,6.951318740844727,,8463
,,,,,,,,,,,0.000125,8464
184,0.01003799308091402,0.010037544183433056,0.010037544183433056,6.0268834367604995e-09,1.6200823668710562e-11,6.010682618295959e-09,4.407428946251457e-07,8.591980460437298e-10,3.5482310423162744e-09,6.812493324279785,,8509
,,,,,,,,,,,0.000125,8510
185,0.010038030333817005,0.010037544183433056,0.010037544183433056,7.411137925572575e-09,1.6283247319948124e-11,7.394856282871842e-09,4.780269478033006e-07,8.652942251607953e-10,3.914975010843591e-09,6.676444053649902,,8555
,,,,,,,,,,,0.000125,8556
186,0.010038014501333237,0.010037544183433056,0.010037544183433056,2.0718701421174046e-08,1.6283247319948124e-11,2.0702410452599906e-08,4.477803372537892e-07,8.62321491990059e-10,3.6154823579437334e-09,6.543116092681885,,8601
,,,,,,,,,,,0.000125,8602
187,0.010038022883236408,0.010037544183433056,0.010037544183433056,2.6839447997417665e-08,1.6283247319948124e-11,2.6823165910627722e-08,4.498928944940417e-07,8.559521424977845e-10,3.6429774752377853e-09,6.412454605102539,,8647
,,,,,,,,,,,6.25e-05,8648
188,0.01003772672265768,0.010037544183433056,0.010037544183433056,1.9012988961009114e-09,1.6283247319948124e-11,1.8850152549987342e-09,1.794018658074492e-07,8.505293691563054e-10,9.434893977200431e-10,6.2844061851501465,,8693
,,,,,,,,,,,6.25e-05,8694
189,0.010037732310593128,0.010037544183433056,0.010037544183433056,3.2411420214373265e-09,1.6283247319948124e-11,3.2248583803351494e-09,1.8203962781626615e-07,8.464637324401281e-10,9.73932712255987e-10,6.158918857574463,,8739
,,,,,,,,,,,6.25e-05,8740
190,0.010037721134722233,0.010037542320787907,0.010037542320787907,3.965177963749511e-09,1.6622824644541012e-11,3.948556148714033e-09,1.7238534155694651e-07,8.498807768653194e-10,8.739726164996853e-10,6.035941123962402,,8785
,,,,,,,,,,,6.25e-05,8786
191,0.010037709027528763,0.01003753300756216,0.01003753300756216,3.1490738905404214e-09,1.7174636712802283e-11,3.1318987403494702e-09,1.7070303215405147e-07,8.587204836096873e-10,8.483099223077772e-10,5.9154229164123535,,8831
,,,,,,,,,,,6.25e-05,8832
192,0.010037707164883614,0.01003753300756216,0.01003753300756216,2.510738061900497e-09,1.7259530610269636e-11,2.4934774245366498e-09,1.7205168489908829e-07,8.6906803975495e-10,8.514485783095438e-10,5.79731559753418,,8877
,,,,,,,,,,,6.25e-05,8878
193,0.010037706233561039,0.01003753300756216,0.01003753300756216,2.1264161542688953e-09,1.7259530610269636e-11,2.1091566271280726e-09,1.7052055056865356e-07,8.702568110585673e-10,8.349488322956233e-10,5.681570053100586,,8923
,,,,,,,,,,,6.25e-05,8924
194,0.010037703439593315,0.01003753300756216,0.01003753300756216,1.91704474516996e-09,1.7259530610269636e-11,1.8997847739399276e-09,1.6812296621537826e-07,8.678669449757592e-10,8.13363154605895e-10,5.56813907623291,,8969
,,,,,,,,,,,6.25e-05,8970
195,0.010037700645625591,0.01003753300756216,0.01003753300756216,1.749497435810099e-09,1.7259530610269636e-11,1.7322377976469738e-09,1.6772442279489042e-07,8.636480419710324e-10,8.135961904187639e-10,5.456977367401123,,9015
,,,,,,,,,,,6.25e-05,9016
196,0.01003770250827074,0.01003753300756216,0.01003753300756216,1.958107676003351e-09,1.7259530610269636e-11,1.9408477047733186e-09,1.695595130968286e-07,8.587897060152727e-10,8.368051251927966e-10,5.348038196563721,,9061
,,,,,,,,,,,6.25e-05,9062
197,0.010037709958851337,0.01003753300756216,0.01003753300756216,2.5666053726780547e-09,1.732505458540423e-11,2.549280342378779e-09,1.738640804660463e-07,8.538106888167363e-10,8.848298760355533e-10,5.241278171539307,,9107
,,,,,,,,,,,6.25e-05,9108
198,0.010037713684141636,0.010037530213594437,0.010037530213594437,3.386332991794916e-09,1.763083602723814e-11,3.3687026501638684e-09,1.8051935057883384e-07,8.581000354723756e-10,9.470939588140936e-10,5.136653423309326,,9153
,,,,,,,,,,,6.25e-05,9154
199,0.010037710890173912,0.010037521831691265,0.010037521831691265,3.939683246301229e-09,1.8264237344745027e-11,3.9214187452785154e-09,1.862809710928559e-07,8.692223607553728e-10,9.93587434550136e-10,5.034121036529541,,9199
,,,,,,,,,,,6.25e-05,9200
200,0.010037709958851337,0.010037521831691265,0.010037521831691265,3.804241366367478e-09,1.8264237344745027e-11,3.785979085790814e-09,1.8523068945341947e-07,8.776132598420361e-10,9.746939921839726e-10,4.9336395263671875,,9245
,,,,,,,,,,,6.25e-05,9246
201,0.010037703439593315,0.010037521831691265,0.010037521831691265,3.042553320398156e-09,1.8264237344745027e-11,3.024289707553862e-09,1.786422387795028e-07,8.759227787535906e-10,9.104996201436677e-10,4.835167407989502,,9291
,,,,,,,,,,,6.25e-05,9292
202,0.010037701576948166,0.010037521831691265,0.010037521831691265,2.803906218318275e-09,1.8264237344745027e-11,2.7856426054739813e-09,1.7880711311590858e-07,8.709795662475983e-10,9.170917358858333e-10,4.7386651039123535,,9337
,,,,,,,,,,,6.25e-05,9338
203,0.010037708096206188,0.010037521831691265,0.010037521831691265,2.7756577036797125e-09,1.8264237344745027e-11,2.757394090835419e-09,1.8400906753868185e-07,8.652408789444621e-10,9.748497564743275e-10,4.644092559814453,,9383
,,,,,,,,,,,6.25e-05,9384
204,0.010037712752819061,0.010037517175078392,0.010037517175078392,2.6241786521552513e-09,1.8623585312793622e-11,2.605555105006374e-09,1.9244865256951016e-07,8.693175623797345e-10,1.0551689522131369e-09,4.551411151885986,,9429
,,,,,,,,,,,6.25e-05,9430
205,0.010037707164883614,0.010037507861852646,0.010037507861852646,2.261571374617688e-09,1.9297364053927346e-11,2.2422739220928634e-09,1.9810735807368474e-07,8.823054509221606e-10,1.0987680765239816e-09,4.460583686828613,,9475
,,,,,,,,,,,6.25e-05,9476
206,0.010037708096206188,0.010037507861852646,0.010037507861852646,1.86491710962855e-09,1.9297364053927346e-11,1.8456197681260278e-09,1.9681716878494626e-07,8.883131452641635e-10,1.0798586469462634e-09,4.371572971343994,,9521
,,,,,,,,,,,6.25e-05,9522
207,0.010037708096206188,0.010037507861852646,0.010037507861852646,1.8381799415934097e-09,1.9297364053927346e-11,1.8188826000908875e-09,1.9616426527591102e-07,8.838045295611607e-10,1.077838374108353e-09,4.284342288970947,,9567
,,,,,,,,,,,6.25e-05,9568
208,0.01003771461546421,0.010037507861852646,0.010037507861852646,2.056879555567548e-09,1.9481981999858178e-11,2.0373969178422158e-09,2.0436513636923337e-07,8.788875183185496e-10,1.164763618888287e-09,4.198855876922607,,9613
,,,,,,,,,,,6.25e-05,9614
209,0.010037723928689957,0.010037501342594624,0.010037501342594624,2.1365031965814296e-09,1.9805062104194526e-11,2.1166974839559316e-09,2.189914454220343e-07,8.834497577936418e-10,1.3064648252125721e-09,4.115079879760742,,9659
,,,,,,,,,,,6.25e-05,9660
210,0.010037734173238277,0.010037494823336601,0.010037494823336601,2.0637038744553138e-09,2.0358914207263545e-11,2.0433450487189475e-09,2.3269686266758072e-07,8.99342156301941e-10,1.427626461492082e-09,4.0329790115356445,,9705
,,,,,,,,,,,6.25e-05,9706
211,0.01003772858530283,0.010037494823336601,0.010037494823336601,1.992904063996548e-09,2.0358914207263545e-11,1.9725452382601816e-09,2.299245949188844e-07,8.987524058312601e-10,1.4004938320155702e-09,3.9525201320648193,,9751
,,,,,,,,,,,6.25e-05,9752
212,0.010037713684141636,0.010037494823336601,0.010037494823336601,1.9171417786623124e-09,2.0524779792419068e-11,1.896617085606067e-09,2.137787191713869e-07,8.933057071836004e-10,1.2444815178369595e-09,3.8736703395843506,,9797
,,,,,,,,,,,6.25e-05,9798
213,0.010037693195044994,0.010037492029368877,0.010037492029368877,1.6813105352397884e-09,2.0856509228006637e-11,1.6604535524322728e-09,1.97761352183079e-07,8.976213661249233e-10,1.0799922067761258e-09,3.7963976860046387,,9843
,,,,,,,,,,,6.25e-05,9844
214,0.0100376782938838,0.01003748457878828,0.01003748457878828,1.693778117761724e-09,2.1448875661689293e-11,1.6723288309705708e-09,1.9350807178852847e-07,9.131805311923813e-10,1.0219004531464293e-09,3.720670461654663,,9889
,,,,,,,,,,,6.25e-05,9890
215,0.010037675499916077,0.01003748457878828,0.01003748457878828,1.778077574066117e-09,2.1448875661689293e-11,1.7566282872749639e-09,1.9120365379876603e-07,9.102023024176731e-10,1.0018342821993542e-09,3.6464579105377197,,9935
,,,,,,,,,,,6.25e-05,9936
216,0.010037679225206375,0.010037481784820557,0.010037481784820557,1.4722879582151904e-09,2.181357004749085e-11,1.450473963160448e-09,1.9381933213935554e-07,9.115980192930806e-10,1.0265953642729642e-09,3.5737295150756836,,9981
,,,,,,,,,,,6.25e-05,9982
217,0.010037668980658054,0.010037471540272236,0.010037471540272236,1.1364328367235998e-09,2.2470018901099564e-11,1.113962477816699e-09,1.9649810667488055e-07,9.204030870790803e-10,1.0445782017143301e-09,3.502455711364746,,10027
,,,,,,,,,,,6.25e-05,10028
218,0.010037675499916077,0.010037471540272236,0.010037471540272236,1.266122207077558e-09,2.25672692338863e-11,1.2435548146783049e-09,2.0264066336039832e-07,9.250868959753689e-10,1.101319591079175e-09,3.432607412338257,,10073
,,,,,,,,,,,6.25e-05,10074
219,0.010037684813141823,0.010037470608949661,0.010037470608949661,1.3331004078409592e-09,2.294123224722e-11,1.3101589813047099e-09,2.117654247513201e-07,9.26346666041411e-10,1.1913080522063524e-09,3.3641560077667236,,10119
,,,,,,,,,,,6.25e-05,10120
220,0.010037686675786972,0.010037459433078766,0.010037459433078766,1.2621972356186006e-09,2.363929191284697e-11,1.2385575898221646e-09,2.2376933372925123e-07,9.349055973828513e-10,1.3027879885996185e-09,3.2970736026763916,,10165
,,,,,,,,,,,6.25e-05,10166
221,0.010037698782980442,0.010037459433078766,0.010037459433078766,1.4597657527204433e-09,2.3841827817561168e-11,1.4359234912220131e-09,2.380268853130474e-07,9.376585063947118e-10,1.442610031432423e-09,3.231332778930664,,10211
,,,,,,,,,,,6.25e-05,10212
222,0.010037710890173912,0.010037456639111042,0.010037456639111042,1.5536265607352107e-09,2.4173959708995163e-11,1.5294525645970225e-09,2.511658863113553e-07,9.406456724647683e-10,1.5710136525015628e-09,3.1669068336486816,,10257
,,,,,,,,,,,6.25e-05,10258
223,0.010037715546786785,0.010037447325885296,0.010037447325885296,1.643696623254698e-09,2.4889318037124575e-11,1.6188073104217438e-09,2.654950321812066e-07,9.538231315886492e-10,1.7011273500955326e-09,3.103769540786743,,10303
,,,,,,,,,,,6.25e-05,10304
224,0.010037722997367382,0.010037446394562721,0.010037446394562721,1.8166753656956303e-09,2.5255650001887453e-11,1.7914194572199449e-09,2.732170116814814e-07,9.555536362171324e-10,1.7766168536326177e-09,3.0418949127197266,,10349
,,,,,,,,,,,6.25e-05,10350
225,0.010037709958851337,0.010037435218691826,0.010037435218691826,1.6797190305339882e-09,2.598831393141321e-11,1.6537307079289576e-09,2.704821895349596e-07,9.616927254540997e-10,1.7431286414293368e-09,2.981257677078247,,10395
,,,,,,,,,,,6.25e-05,10396
226,0.010037712752819061,0.010037435218691826,0.010037435218691826,4.167500566865101e-09,2.6441177372604763e-11,4.141059939399838e-09,2.7254216661276587e-07,9.696593528119024e-10,1.7557625353603612e-09,2.9218332767486572,,10441
,,,,,,,,,,,6.25e-05,10442
227,0.010037706233561039,0.01003742404282093,0.01003742404282093,9.927972222101289e-09,2.7084001708033156e-11,9.900887221192534e-09,2.7269061320112087e-07,9.727453287311505e-10,1.7541612606919443e-09,2.8635973930358887,,10487
,,,,,,,,,,,6.25e-05,10488
228,0.010037712752819061,0.01003742404282093,0.01003742404282093,4.515466667243118e-09,2.7708689509520212e-11,4.4877590532621525e-09,2.83823453628429e-07,9.836780279215418e-10,1.8545566193850505e-09,2.8065261840820312,,10533
,,,,,,,,,,,6.25e-05,10534
229,0.010037691332399845,0.01003741193562746,0.01003741193562746,3.7526184937242135e-10,2.842114737999779e-11,3.468406117868028e-10,2.7929729640163714e-07,9.874876472082406e-10,1.8054852057858284e-09,2.750596523284912,,10579
,,,,,,,,,,,6.25e-05,10580
230,0.01003769226372242,0.010037411004304886,0.010037411004304886,6.596567292405098e-09,2.9033879467288415e-11,6.56753496031115e-09,2.7532973945199046e-07,9.964304936715962e-10,1.756866208069141e-09,2.6957852840423584,,10625
,,,,,,,,,,,6.25e-05,10626
231,0.010037698782980442,0.010037400759756565,0.010037400759756565,1.3999829739930192e-08,3.016085992069151e-11,1.3969668977154015e-08,2.828253684583615e-07,1.0087947144299392e-09,1.819458805840668e-09,2.6420702934265137,,10671
,,,,,,,,,,,6.25e-05,10672
232,0.010037682950496674,0.010037395171821117,0.010037395171821117,6.815376041302557e-10,3.067634340991887e-11,6.508613092925941e-10,2.867864168365486e-07,1.0081355750202192e-09,1.8597285933452667e-09,2.5894296169281006,,10717
,,,,,,,,,,,6.25e-05,10718
233,0.010037669911980629,0.010037384927272797,0.010037384927272797,2.459142667277092e-09,3.1659921212456865e-11,2.4274822152392517e-09,2.8307391630733036e-07,1.0230605251848601e-09,1.8076790064824877e-09,2.537841796875,,10763
,,,,,,,,,,,6.25e-05,10764
234,0.010037668980658054,0.010037372820079327,0.010037372820079327,6.428158894067337e-09,3.2896081691990986e-11,6.395262097669274e-09,2.883728598135349e-07,1.0361955737892004e-09,1.847532460352852e-09,2.487285852432251,,10809
,,,,,,,,,,,6.25e-05,10810
235,0.010037664324045181,0.010037370026111603,0.010037370026111603,5.021892235390624e-09,3.385697625035711e-11,4.9880362062992845e-09,2.888246513066406e-07,1.0381269177628383e-09,1.850119835111741e-09,2.4377408027648926,,10855
,,,,,,,,,,,6.25e-05,10856
236,0.010037651285529137,0.010037358850240707,0.010037358850240707,2.8646998107006993e-09,3.470455520182547e-11,2.8299953491739416e-09,2.858344316791772e-07,1.0444362041894806e-09,1.8139082458290545e-09,2.3891868591308594,,10901
,,,,,,,,,,,6.25e-05,10902
237,0.01003764383494854,0.010037347674369812,0.010037347674369812,7.813320657135137e-09,3.587434863061567e-11,7.777447130763449e-09,2.858635923530528e-07,1.056738585525352e-09,1.8018974090594497e-09,2.3416037559509277,,10947
,,,,,,,,,,,6.25e-05,10948
238,0.010037645697593689,0.010037335567176342,0.010037335567176342,1.3078989447024014e-08,3.728475861386471e-11,1.3041706381500262e-08,2.942896912827564e-07,1.070232680255856e-09,1.8726638018051744e-09,2.2949724197387695,,10993
,,,,,,,,,,,6.25e-05,10994
239,0.010037622414529324,0.010037323459982872,0.010037323459982872,6.431415400243168e-10,3.875471818459708e-11,6.043867628591215e-10,2.986255083214928e-07,1.0825251806068081e-09,1.9037298404356306e-09,2.2492737770080566,,11039
,,,,,,,,,,,6.25e-05,11040
240,0.010037612169981003,0.010037312284111977,0.010037312284111977,3.5119540608974376e-09,4.0453952687702355e-11,3.471500198415356e-09,2.944773029867065e-07,1.0946827888602684e-09,1.8500904142015884e-09,2.20448899269104,,11085
,,,,,,,,,,,6.25e-05,11086
241,0.010037603788077831,0.010037298314273357,0.010037298314273357,6.8691097254713895e-09,4.2323311522096674e-11,6.826785803326629e-09,2.980831936838513e-07,1.1089913432016374e-09,1.8718409044993223e-09,2.160599946975708,,11131
,,,,,,,,,,,6.25e-05,11132
242,0.010037596337497234,0.010037286207079887,0.010037286207079887,4.44792913611991e-09,4.426645855426514e-11,4.403662767771266e-09,3.043222704945947e-07,1.1246894526806273e-09,1.9185331101567726e-09,2.117588758468628,,11177
,,,,,,,,,,,6.25e-05,11178
243,0.010037576779723167,0.010037270374596119,0.010037270374596119,3.5566130041075894e-09,4.632063135834308e-11,3.5102920570295737e-09,3.0313455567920755e-07,1.1400685950846423e-09,1.89127780103604e-09,2.0754377841949463,,11223
,,,,,,,,,,,3.125e-05,11224
244,0.010037539526820183,0.010037251748144627,0.010037251748144627,1.2366705437472092e-09,4.8207302733027646e-11,1.1884632167280529e-09,2.868826811663894e-07,1.1571931191056706e-09,1.711633057510653e-09,2.0341296195983887,,11269
,,,,,,,,,,,3.125e-05,11270
245,0.010037501342594624,0.010037241503596306,0.010037241503596306,2.0344659290572054e-09,4.9766798321249084e-11,1.984699071755358e-09,2.575807229732163e-07,1.1716493331093147e-09,1.4041576790191357e-09,1.9936479330062866,,11315
,,,,,,,,,,,3.125e-05,11316
246,0.010037500411272049,0.010037234053015709,0.010037234053015709,2.467622550739179e-09,5.1313744919845306e-11,2.4163084866302142e-09,2.6205469794149394e-07,1.1820401324413865e-09,1.4385062030441986e-09,1.9539756774902344,,11361
,,,,,,,,,,,3.125e-05,11362
247,0.0100374985486269,0.010037225671112537,0.010037225671112537,3.6118930069051203e-09,5.2623141955088215e-11,3.5592699898501223e-09,2.6910527139989426e-07,1.1833960478213612e-09,1.5076568882221864e-09,1.9150968790054321,,11407
,,,,,,,,,,,3.125e-05,11408
248,0.010037494823336601,0.010037213563919067,0.010037213563919067,5.042215089900992e-09,5.371808900478392e-11,4.988495838631479e-09,2.736130113589752e-07,1.187839160365911e-09,1.5482906068342572e-09,1.8769956827163696,,11453
,,,,,,,,,,,3.125e-05,11454
249,0.010037489235401154,0.010037202388048172,0.010037202388048172,6.860365164840232e-09,5.5094432488411726e-11,6.805271013377023e-09,2.785623394174763e-07,1.196954646509596e-09,1.5886689741506643e-09,1.8396565914154053,,11499
,,,,,,,,,,,3.125e-05,11500
250,0.010037485510110855,0.010037190280854702,0.010037190280854702,8.650859584236059e-09,5.6839123685481496e-11,8.59401971808893e-09,2.855811942481523e-07,1.2076976085850788e-09,1.6481145337365888e-09,1.803064227104187,,11545
,,,,,,,,,,,3.125e-05,11546
251,0.010037483647465706,0.010037179104983807,0.010037179104983807,8.887405478219534e-09,5.865075786148921e-11,8.828753728096217e-09,2.9410037427624047e-07,1.2176729624613358e-09,1.7233303672981037e-09,1.767203688621521,,11591
,,,,,,,,,,,3.125e-05,11592
252,0.010037478059530258,0.010037164203822613,0.010037164203822613,6.985700018447005e-09,6.06951572335035e-11,6.925006346136797e-09,3.0354155455825094e-07,1.2272152183356866e-09,1.8082008113040615e-09,1.7320603132247925,,11637
,,,,,,,,,,,3.125e-05,11638
253,0.010037470608949661,0.010037153027951717,0.010037153027951717,4.761366412253665e-09,6.293811305457808e-11,4.698429645344504e-09,3.1294237601287023e-07,1.2389694825643005e-09,1.890454459640978e-09,1.697619915008545,,11683
,,,,,,,,,,,3.125e-05,11684
254,0.010037464089691639,0.010037140920758247,0.010037140920758247,3.73975694856199e-09,6.53448545273605e-11,3.6744127740462318e-09,3.1942460054779076e-07,1.252046244459848e-09,1.942199734372707e-09,1.6638681888580322,,11729
,,,,,,,,,,,3.125e-05,11730
255,0.010037458501756191,0.010037128813564777,0.010037128813564777,3.744813792394552e-09,6.787931328133823e-11,3.6769347566689703e-09,3.2519344017600815e-07,1.2645627878171695e-09,1.987371378575631e-09,1.6307915449142456,,11775
,,,,,,,,,,,3.125e-05,11776
256,0.010037442669272423,0.010037113912403584,0.010037113912403584,4.328550851084856e-09,7.003033569707995e-11,4.25852197949439e-09,3.249716371556133e-07,1.273551708536047e-09,1.9761645653204596e-09,1.5983765125274658,,11821
,,,,,,,,,,,3.125e-05,11822
257,0.010037419386208057,0.010037092491984367,0.010037092491984367,5.327131624710546e-09,7.25742521634487e-11,5.254558121947639e-09,3.2218807177741837e-07,1.2796229631462097e-09,1.9422576880145925e-09,1.5666097402572632,,11867
,,,,,,,,,,,3.125e-05,11868
258,0.010037407279014587,0.010037078522145748,0.010037078522145748,6.574794486624569e-09,7.56506662868972e-11,6.499143445637401e-09,3.21431087968449e-07,1.2902684476401305e-09,1.9240418147603577e-09,1.5354782342910767,,11913
,,,,,,,,,,,3.125e-05,11914
259,0.010037396103143692,0.010037064552307129,0.010037064552307129,7.209354002668533e-09,7.870251672592588e-11,7.1306511806312756e-09,3.2505312219655025e-07,1.3013119470883794e-09,1.949219452512807e-09,1.5049694776535034,,11959
,,,,,,,,,,,3.125e-05,11960
260,0.0100373774766922,0.010037044994533062,0.010037044994533062,6.769795390937361e-09,8.190621098025375e-11,6.687888465251035e-09,3.257749483509542e-07,1.3077877669687155e-09,1.9499617476270714e-09,1.475070834159851,,12005
,,,,,,,,,,,3.125e-05,12006
261,0.010037367232143879,0.010037025436758995,0.010037025436758995,5.644237077717662e-09,8.536843454365339e-11,5.558869364818975e-09,3.3325162007713516e-07,1.319024667267854e-09,2.013491817720592e-09,1.4457701444625854,,12051
,,,,,,,,,,,3.125e-05,12052
262,0.010037350468337536,0.010037006810307503,0.010037006810307503,4.951219878535085e-09,8.963340486500826e-11,4.861586244686578e-09,3.3855567949103715e-07,1.3308810720147335e-09,2.054675762863667e-09,1.4170554876327515,,12097
,,,,,,,,,,,3.125e-05,12098
263,0.010037325322628021,0.010036981664597988,0.010036981664597988,4.6119517094211915e-09,9.365514613834947e-11,4.5182955155098625e-09,3.366556597939052e-07,1.3364783724156837e-09,2.0300787717530966e-09,1.3889151811599731,,12143
,,,,,,,,,,,3.125e-05,12144
264,0.010037300176918507,0.010036960244178772,0.010036960244178772,4.76665285020772e-09,9.807185619159497e-11,4.668579745015222e-09,3.3572831625861e-07,1.3441936452807113e-09,2.0130896949410726e-09,1.3613375425338745,,12189
,,,,,,,,,,,3.125e-05,12190
265,0.010037275962531567,0.010036934167146683,0.010036934167146683,5.392063684439563e-09,1.0290387292277714e-10,5.289161109089946e-09,3.364007454820239e-07,1.3534018350469523e-09,2.010605903990381e-09,1.334311604499817,,12235
,,,,,,,,,,,3.125e-05,12236
266,0.010037255473434925,0.010036910884082317,0.010036910884082317,6.256969609097496e-09,1.0828068303103677e-10,6.148689557505804e-09,3.3919010888894263e-07,1.3629501971479385e-09,2.0289512292492873e-09,1.307826042175293,,12281
,,,,,,,,,,,3.125e-05,12282
267,0.01003723219037056,0.010036885738372803,0.010036885738372803,6.834327770377513e-09,1.1390386550624854e-10,6.72042421712149e-09,3.4148777672271535e-07,1.3722034619689794e-09,2.042674251967469e-09,1.2818703651428223,,12327
,,,,,,,,,,,3.125e-05,12328
268,0.010037204250693321,0.010036855936050415,0.010036855936050415,6.763220206096321e-09,1.1979549296992076e-10,6.6434244772040074e-09,3.4214963307022117e-07,1.3773535645356105e-09,2.0441424108952333e-09,1.2564336061477661,,12373
,,,,,,,,,,,3.125e-05,12374
269,0.010037176311016083,0.010036823339760303,0.010036823339760303,5.9053535395037215e-09,1.2721909636859152e-10,5.778134415379554e-09,3.4602129517224967e-07,1.3874822402115683e-09,2.072730653779331e-09,1.2315057516098022,,12419
,,,,,,,,,,,3.125e-05,12420
270,0.01003714744001627,0.010036795400083065,0.010036795400083065,5.018346627139181e-09,1.3427356448936223e-10,4.884073145916545e-09,3.448431016295217e-07,1.3917015317943537e-09,2.0567290093254087e-09,1.2070763111114502,,12465
,,,,,,,,,,,3.125e-05,12466
271,0.010037112981081009,0.01003676000982523,0.01003676000982523,4.669457709383096e-09,1.4232609535369534e-10,4.5271306703398295e-09,3.4625935541043873e-07,1.3980607782571042e-09,2.0645334330993137e-09,1.1831355094909668,,12511
,,,,,,,,,,,3.125e-05,12512
272,0.010037075728178024,0.010036722756922245,0.010036722756922245,5.0124446815402735e-09,1.5169046574392553e-10,4.8607544655965285e-09,3.46916749549564e-07,1.4063895603655396e-09,2.0627779484527764e-09,1.1596735715866089,,12557
,,,,,,,,,,,3.125e-05,12558
273,0.010037039406597614,0.010036683641374111,0.010036683641374111,5.828149518549708e-09,1.6180747020033692e-10,5.666343838583998e-09,3.5047474966631853e-07,1.414811934274951e-09,2.089935779991947e-09,1.1366808414459229,,12603
,,,,,,,,,,,3.125e-05,12604
274,0.010036994703114033,0.01003663893789053,0.01003663893789053,6.697536303335028e-09,1.7240082972325155e-10,6.525135098911505e-09,3.49604306393303e-07,1.4198151543354243e-09,2.0762278563069003e-09,1.1141480207443237,,12649
,,,,,,,,,,,3.125e-05,12650
275,0.010036956518888474,0.010036598891019821,0.010036598891019821,6.919000039573575e-09,1.8500660725617735e-10,6.733992918839249e-09,3.5469381032271485e-07,1.4264114334139322e-09,2.1205266431678638e-09,1.0920658111572266,,12695
,,,,,,,,,,,3.125e-05,12696
276,0.010036910884082317,0.010036548599600792,0.010036548599600792,6.647081551847123e-09,1.9842666398872666e-10,6.448654943369547e-09,3.5671962450578576e-07,1.429612095371624e-09,2.1375841097182047e-09,1.0704251527786255,,12741
,,,,,,,,,,,3.125e-05,12742
277,0.010036858730018139,0.010036497376859188,0.010036497376859188,5.56910073612471e-09,2.1300833319415347e-10,5.356091570263288e-09,3.552287637376139e-07,1.4307720563877524e-09,2.12151474165978e-09,1.0492174625396729,,12787
,,,,,,,,,,,3.125e-05,12788
278,0.010036800988018513,0.010036441497504711,0.010036441497504711,4.83418283181436e-09,2.3044226249435695e-10,4.6037413881094835e-09,3.562550716651458e-07,1.4339429643683843e-09,2.1286077345195054e-09,1.0284337997436523,,12833
,,,,,,,,,,,3.125e-05,12834
279,0.010036739520728588,0.010036381892859936,0.010036381892859936,4.776725681665539e-09,2.492235307016699e-10,4.527502373008474e-09,3.5468539749672345e-07,1.4333573217228945e-09,2.1134967109759373e-09,1.0080658197402954,,12879
,,,,,,,,,,,3.125e-05,12880
280,0.010036677122116089,0.010036319494247437,0.010036319494247437,5.2751056855981915e-09,2.6943205999607756e-10,5.0056736533576895e-09,3.534030668106425e-07,1.430059293205943e-09,2.103971885603073e-09,0.988105297088623,,12925
,,,,,,,,,,,3.125e-05,12926
281,0.010036604478955269,0.010036250576376915,0.010036250576376915,6.115754125346484e-09,2.9360489040008986e-10,5.822149429235424e-09,3.5224189787186333e-07,1.4273094928185515e-09,2.0951096413313053e-09,0.9685438871383667,,12971
,,,,,,,,,,,3.125e-05,12972
282,0.010036527179181576,0.010036173276603222,0.010036173276603222,6.907843186354512e-09,3.196591880083588e-10,6.5881833322123384e-09,3.4980021723640675e-07,1.4194408981538231e-09,2.0785615451046624e-09,0.9493737816810608,,13017
,,,,,,,,,,,3.125e-05,13018
283,0.010036452673375607,0.010036091320216656,0.010036091320216656,7.504605825658928e-09,3.5019309674311216e-10,7.1544143942503524e-09,3.5315420632286987e-07,1.4098617828750548e-09,2.1216797208012395e-09,0.9305869936943054,,13063
,,,,,,,,,,,3.125e-05,13064
284,0.010036359541118145,0.010036001913249493,0.010036001913249493,7.044194560990036e-09,3.836628792441843e-10,6.660531237656642e-09,3.5135676057507226e-07,1.3965673062443784e-09,2.1170005748416543e-09,0.9121760129928589,,13109
,,,,,,,,,,,3.125e-05,13110
285,0.01003626361489296,0.010035908780992031,0.010035908780992031,5.742910147432667e-09,4.225804151047896e-10,5.320329510283273e-09,3.496818123949197e-07,1.3796058739856676e-09,2.1172126274393577e-09,0.8941332101821899,,13155
,,,,,,,,,,,3.125e-05,13156
286,0.01003615465015173,0.010035805404186249,0.010035805404186249,4.907535267051344e-09,4.666296238298173e-10,4.4409058652661315e-09,3.4553349337329564e-07,1.3565826240125034e-09,2.0987525051197053e-09,0.8764512538909912,,13201
,,,,,,,,,,,3.125e-05,13202
287,0.01003603357821703,0.010035691782832146,0.010035691782832146,4.570895217881343e-09,5.179163764523764e-10,4.052978397339757e-09,3.3922714237633045e-07,1.3329741754830593e-09,2.0592973992705765e-09,0.8591229915618896,,13247
,,,,,,,,,,,3.125e-05,13248
288,0.010035905055701733,0.010035566985607147,0.010035566985607147,5.0229207460006364e-09,5.753580945011549e-10,4.447562762521784e-09,3.328052855522401e-07,1.302714158768481e-09,2.025338119437947e-09,0.8421412110328674,,13293
,,,,,,,,,,,3.125e-05,13294
289,0.010035768151283264,0.010035435669124126,0.010035435669124126,6.26187368624187e-09,6.422535836492216e-10,5.619620768726463e-09,3.2649214176672103e-07,1.2685310579740872e-09,1.9963903863384758e-09,0.8254991173744202,,13339
,,,,,,,,,,,3.125e-05,13340
290,0.010035616345703602,0.010035288520157337,0.010035288520157337,8.096169068494419e-09,7.194792539522155e-10,7.376689925564506e-09,3.1929008059705666e-07,1.2318013276058082e-09,1.961099505010111e-09,0.8091898560523987,,13385
,,,,,,,,,,,3.125e-05,13386
291,0.010035448707640171,0.010035130195319653,0.010035130195319653,9.128559241844414e-09,8.096150416747605e-10,8.318943756080444e-09,3.094470457654097e-07,1.1932219656785037e-09,1.9012487140201983e-09,0.7932067513465881,,13431
,,,,,,,,,,,3.125e-05,13432
292,0.010035265237092972,0.010034951381385326,0.010034951381385326,8.119095618042138e-09,9.141450929561756e-10,7.204948193617611e-09,3.0471446166302485e-07,1.1556736678741686e-09,1.8914712018869295e-09,0.777543306350708,,13477
,,,,,,,,,,,3.125e-05,13478
293,0.010035069659352303,0.010034758597612381,0.010034758597612381,6.325096890691384e-09,1.0366787428495172e-09,5.288417703752657e-09,3.061363429424091e-07,1.119945247651799e-09,1.9414174712295562e-09,0.7621931433677673,,13523
,,,,,,,,,,,3.125e-05,13524
294,0.010034852661192417,0.010034548118710518,0.010034548118710518,5.104603850725198e-09,1.1793195309195426e-09,3.92528498593947e-09,3.0006100359969423e-07,1.0883284273788263e-09,1.9122810002158985e-09,0.7471500039100647,,13569
,,,,,,,,,,,3.125e-05,13570
295,0.010034617967903614,0.010034315288066864,0.010034315288066864,4.889592286616562e-09,1.345420663767527e-09,3.544171178759825e-09,2.9617990549013484e-07,1.0644747305832425e-09,1.8973245197173583e-09,0.7324076890945435,,13615
,,,,,,,,,,,3.125e-05,13616
296,0.01003436092287302,0.010034063830971718,0.010034063830971718,5.9284768205714045e-09,1.540091720819703e-09,4.3883838785063745e-09,2.9198227480264904e-07,1.0490680546482167e-09,1.870754662292029e-09,0.7179602384567261,,13661
,,,,,,,,,,,3.125e-05,13662
297,0.010034075006842613,0.010033783502876759,0.010033783502876759,7.691347114757718e-09,1.7681573982741838e-09,5.92318949443893e-09,2.842786273049569e-07,1.042997022082659e-09,1.7997895396248964e-09,0.703801691532135,,13707
,,,,,,,,,,,3.125e-05,13708
298,0.010033771395683289,0.010033482685685158,0.010033482685685158,9.541726520012617e-09,2.0369035347300724e-09,7.504822541193334e-09,2.791263966628321e-07,1.0466640887329959e-09,1.7446004640930823e-09,0.6899263262748718,,13753
,,,,,,,,,,,3.125e-05,13754
299,0.010033435188233852,0.010033146478235722,0.010033146478235722,1.058428367173292e-08,2.352028127816652e-09,8.232255765960872e-09,2.7906358468499093e-07,1.0581602261083844e-09,1.7324752743519412e-09,0.6763284802436829,,13799
,,,,,,,,,,,1.5625e-05,13800
300,0.010033058933913708,0.010032828897237778,0.010032828897237778,4.6441321899237664e-09,2.6508557571247593e-09,1.9932751005313776e-09,2.254994342365535e-07,1.08068309856435e-09,1.1743118699669708e-09,0.6630025506019592,,13845
,,,,,,,,,,,1.5625e-05,13846
301,0.010032865218818188,0.010032635182142258,0.010032635182142258,2.9817124325148825e-09,2.856422431918304e-09,1.2528983406312477e-10,2.2722636572325428e-07,1.0881415768437819e-09,1.1841213565233488e-09,0.6499431729316711,,13891
,,,,,,,,,,,1.5625e-05,13892
302,0.010032664984464645,0.01003243401646614,0.01003243401646614,3.1417073387274286e-09,3.0734217393302288e-09,6.828555082494248e-11,2.283743185671483e-07,1.0937774019836866e-09,1.1899664587033953e-09,0.6371449828147888,,13937
,,,,,,,,,,,1.5625e-05,13938
303,0.010032459162175655,0.010032226331532001,0.010032226331532001,3.3910751984222998e-09,3.3105558294721504e-09,8.051846689394182e-11,2.299750718748328e-07,1.0975357289666476e-09,1.2022155493340847e-09,0.624602735042572,,13983
,,,,,,,,,,,1.5625e-05,13984
304,0.010032248683273792,0.01003201398998499,0.01003201398998499,3.6610818821003477e-09,3.5617933047404904e-09,9.92883900097219e-11,2.311596603021826e-07,1.0992152743583006e-09,1.212381306459065e-09,0.6123113036155701,,14029
,,,,,,,,,,,1.5625e-05,14030
305,0.010032027028501034,0.010031791403889656,0.010031791403889656,3.94702492911847e-09,3.830525230341664e-09,1.1649933795432332e-10,2.321688725714921e-07,1.0987170062648488e-09,1.222971390824057e-09,0.6002657413482666,,14075
,,,,,,,,,,,1.5625e-05,14076
306,0.010031801648437977,0.010031561367213726,0.010031561367213726,4.249566476488553e-09,4.120018548547932e-09,1.2954806671849894e-10,2.32991297366425e-07,1.0963150387510723e-09,1.2335978905042566e-09,0.5884610414505005,,14121
,,,,,,,,,,,1.5625e-05,14122
307,0.010031566955149174,0.010031325742602348,0.010031325742602348,4.560397393049698e-09,4.431085276479507e-09,1.2931203330346364e-10,2.3302675344893942e-07,1.0920321313889758e-09,1.2382352920781159e-09,0.5768924355506897,,14167
,,,,,,,,,,,1.5625e-05,14168
308,0.010031318292021751,0.010031082667410374,0.010031082667410374,4.869504799387414e-09,4.763474059643613e-09,1.0602986544316906e-10,2.325452186369148e-07,1.0857517107609738e-09,1.2397002313591088e-09,0.565555214881897,,14213
,,,,,,,,,,,1.5625e-05,14214
309,0.010031066834926605,0.010030828416347504,0.010030828416347504,5.18895060253044e-09,5.1197459605134554e-09,6.92062310236885e-11,2.3140461280490854e-07,1.078512168461998e-09,1.235533897414598e-09,0.5544447302818298,,14259
,,,,,,,,,,,1.5625e-05,14260
310,0.010030804201960564,0.01003056950867176,0.01003056950867176,5.541930470087664e-09,5.502703626092398e-09,3.922721175664279e-11,2.2982050040809554e-07,1.0700672570251868e-09,1.2281373695799402e-09,0.5435564517974854,,14305
,,,,,,,,,,,1.5625e-05,14306
311,0.010030530393123627,0.010030295699834824,0.010030295699834824,5.93254867453652e-09,5.913407541413562e-09,1.9141866910987737e-11,2.2875529737120814e-07,1.060623144866213e-09,1.2269303351075678e-09,0.5328859686851501,,14351
,,,,,,,,,,,1.5625e-05,14352
312,0.010030250996351242,0.010030018165707588,0.010030018165707588,6.3646123926730525e-09,6.35333607945654e-09,1.127554126456598e-11,2.2798239740495774e-07,1.050582287831503e-09,1.2292420414894423e-09,0.5224288105964661,,14397
,,,,,,,,,,,1.5625e-05,14398
313,0.01002996414899826,0.010029728524386883,0.010029728524386883,6.832357346553408e-09,6.826615717159257e-09,5.7414168905256524e-12,2.2737756921742402e-07,1.0401641770130254e-09,1.2336117682920644e-09,0.5121808648109436,,14443
,,,,,,,,,,,1.5625e-05,14444
314,0.01002966146916151,0.010029424913227558,0.010029424913227558,7.347585651018562e-09,7.333292195710328e-09,1.4294806657821901e-11,2.268687353534915e-07,1.0296339336690608e-09,1.2390533044026597e-09,0.5021378397941589,,14489
,,,,,,,,,,,1.5625e-05,14490
315,0.010029352270066738,0.01002911664545536,0.01002911664545536,7.920493594326672e-09,7.875552654468265e-09,4.494128680310183e-11,2.2702478474911914e-07,1.0190378540997358e-09,1.2512100244777002e-09,0.49229565262794495,,14535
,,,,,,,,,,,1.5625e-05,14536
316,0.010029030963778496,0.010028796270489693,0.010028796270489693,8.57118553909686e-09,8.458591160831475e-09,1.1259242843619788e-10,2.2593459902964241e-07,1.0083234247559858e-09,1.2510230629203534e-09,0.4826503396034241,,14581
,,,,,,,,,,,1.5625e-05,14582
317,0.010028699412941933,0.010028465650975704,0.010028465650975704,9.310943127616156e-09,9.081708718383652e-09,2.2923457576595752e-10,2.247591623927292e-07,9.976404147238327e-10,1.2499512536123802e-09,0.47319790720939636,,14627
,,,,,,,,,,,1.5625e-05,14628
318,0.010028352029621601,0.010028120130300522,0.010028120130300522,1.011868100420088e-08,9.747942009141752e-09,3.707401052821524e-10,2.2099618490756257e-07,9.872413997413787e-10,1.2227204804204916e-09,0.4639345109462738,,14673
,,,,,,,,,,,1.5625e-05,14674
319,0.010027995333075523,0.010027768090367317,0.010027768090367317,1.1017632139953548e-08,1.0461060462318983e-08,5.565725103018337e-10,2.1810669181832054e-07,9.767756603551447e-10,1.2042913333232264e-09,0.45485636591911316,,14719
,,,,,,,,,,,1.5625e-05,14720
320,0.01002762746065855,0.010027403943240643,0.010027403943240643,1.1995186177671258e-08,1.122676351883456e-08,7.684222147474884e-10,2.1339130285014107e-07,9.66002722257997e-10,1.1679103240069821e-09,0.44595980644226074,,14765
,,,,,,,,,,,1.5625e-05,14766
321,0.010027243755757809,0.010027023032307625,0.010027023032307625,1.2985943875776229e-08,1.2047432385031698e-08,9.38511157677624e-10,2.0845835990712658e-07,9.542213685875822e-10,1.130362026202647e-09,0.43724116683006287,,14811
,,,,,,,,,,,1.5625e-05,14812
322,0.010026847012341022,0.010026630945503712,0.010026630945503712,1.392703374847315e-08,1.2926415493552668e-08,1.0006168116305503e-09,2.0253627042166045e-07,9.416382118487832e-10,1.0837242214734033e-09,0.428696870803833,,14857
,,,,,,,,,,,1.5625e-05,14858
323,0.010026436299085617,0.010026223957538605,0.010026223957538605,1.488186907039335e-08,1.3870564252727036e-08,1.0113048176663142e-09,1.9788146232713189e-07,9.275308854306274e-10,1.0512837267384612e-09,0.4203234612941742,,14903
,,,,,,,,,,,1.5625e-05,14904
324,0.010026012547314167,0.010025802999734879,0.010025802999734879,1.5857754220860443e-08,1.488459222542815e-08,9.731595529416381e-10,1.9358267877578328e-07,9.118507060534853e-10,1.0239763481578734e-09,0.41211751103401184,,14949
,,,,,,,,,,,1.5625e-05,14950
325,0.010025575757026672,0.010025369003415108,0.010025369003415108,1.6952414583215614e-08,1.5974363165582872e-08,9.780517506996489e-10,1.9021149455511477e-07,8.94428531239555e-10,1.0076863787844559e-09,0.4040756821632385,,14995
,,,,,,,,,,,1.5625e-05,14996
326,0.010025120340287685,0.010024912655353546,0.010024912655353546,1.8196830708916423e-08,1.7142623320864914e-08,1.0542147155234716e-09,1.8791880052049237e-07,8.753027191943374e-10,1.0038851971927443e-09,0.3961946666240692,,15041
,,,,,,,,,,,1.5625e-05,15042
327,0.010024650022387505,0.010024444200098515,0.010024444200098515,1.9477676360679652e-08,1.8399884282871426e-08,1.0777895242952695e-09,1.8556954728410346e-07,8.546165997103117e-10,1.0010792195203067e-09,0.38847124576568604,,15087
,,,,,,,,,,,1.5625e-05,15088
328,0.01002416480332613,0.01002395898103714,0.01002395898103714,2.0806794509553583e-08,1.9743792378790204e-08,1.0630016866741698e-09,1.8420537628571765e-07,8.328550626934828e-10,1.0091988356109027e-09,0.38090232014656067,,15133
,,,,,,,,,,,1.5625e-05,15134
329,0.01002365630120039,0.010023452341556549,0.010023452341556549,2.2137838229241424e-08,2.1190889043509742e-08,9.469474093748431e-10,1.8191136064160673e-07,8.105910942468597e-10,1.0085225987666036e-09,0.37348473072052,,15179
,,,,,,,,,,,1.5625e-05,15180
330,0.01002313382923603,0.010022932663559914,0.010022932663559914,2.355774952889078e-08,2.273913679573525e-08,8.186113453767518e-10,1.800150783992649e-07,7.883830810406778e-10,1.011767558622978e-09,0.3662155270576477,,15225
,,,,,,,,,,,1.5625e-05,15226
331,0.010022595524787903,0.010022394359111786,0.010022394359111786,2.510190277860147e-08,2.4403449927490328e-08,6.984579026259041e-10,1.7760363846264227e-07,7.666103862824514e-10,1.009425987241741e-09,0.3590916693210602,,15271
,,,,,,,,,,,1.5625e-05,15272
332,0.010022034868597984,0.010021833702921867,0.010021833702921867,2.676846655447207e-08,2.6188555324324625e-08,5.799113966808989e-10,1.7380142480760696e-07,7.45649764155587e-10,9.923647459331164e-10,0.35211026668548584,,15317
,,,,,,,,,,,1.5625e-05,15318
333,0.010021457448601723,0.010021255351603031,0.010021255351603031,2.864446102535112e-08,2.8100032523070695e-08,5.444308892599281e-10,1.7207726443757565e-07,7.257561218665387e-10,9.950169577166434e-10,0.34526848793029785,,15363
,,,,,,,,,,,1.5625e-05,15364
334,0.010020855814218521,0.010020656511187553,0.010020656511187553,3.065695963755388e-08,3.014983818161454e-08,5.071277842105815e-10,1.675017387015032e-07,7.070917740215066e-10,9.679255175143453e-10,0.3385635316371918,,15409
,,,,,,,,,,,1.5625e-05,15410
335,0.010020230896770954,0.010020038112998009,0.010020038112998009,3.283083671590248e-08,3.23510214172984e-08,4.798176855835834e-10,1.6217163079090824e-07,6.895977122667318e-10,9.321182714572274e-10,0.33199265599250793,,15455
,,,,,,,,,,,1.5625e-05,15456
336,0.01001958828419447,0.010019397363066673,0.010019397363066673,3.520938918200045e-08,3.4708826035512175e-08,5.005670877800128e-10,1.5724477009371185e-07,6.737541635715161e-10,8.986933419663501e-10,0.32555320858955383,,15501
,,,,,,,,,,,1.5625e-05,15502
337,0.01001892238855362,0.010018730536103249,0.010018730536103249,3.776561996460259e-08,3.724050046116645e-08,5.251217793933449e-10,1.5212540915854333e-07,6.591860945981409e-10,8.620676950066297e-10,0.3192425072193146,,15547
,,,,,,,,,,,1.5625e-05,15548
338,0.010018225759267807,0.010018041357398033,0.010018041357398033,4.049033464070817e-08,3.996278152840205e-08,5.275490599920829e-10,1.4586582608444587e-07,6.461620682962632e-10,8.124964590017214e-10,0.3130580484867096,,15593
,,,,,,,,,,,1.5625e-05,15594
339,0.010017510503530502,0.010017323307693005,0.010017323307693005,4.33623306150821e-08,4.288616395342615e-08,4.761639971206932e-10,1.413429089325291e-07,6.346355663211511e-10,7.787933631320243e-10,0.3069972097873688,,15639
,,,,,,,,,,,1.5625e-05,15640
340,0.010016764514148235,0.010016581043601036,0.010016581043601036,4.638571837745076e-08,4.602715364399046e-08,3.5857861124810597e-10,1.3696637779503362e-07,6.245102768254185e-10,7.451534389524284e-10,0.3010576069355011,,15685
,,,,,,,,,,,1.5625e-05,15686
341,0.010015997104346752,0.010015809908509254,0.010015809908509254,4.967870737004887e-08,4.9412630431788784e-08,2.6608246161963223e-10,1.355179648498961e-07,6.160042476111016e-10,7.391752765428805e-10,0.2952367961406708,,15731
,,,,,,,,,,,1.5625e-05,15732
342,0.010015199892222881,0.010015011765062809,0.010015011765062809,5.327264318566449e-08,5.3045901893256087e-08,2.2673965482944425e-10,1.352559451106572e-07,6.093330284784315e-10,7.432267024043426e-10,0.2895323634147644,,15777
,,,,,,,,,,,1.5625e-05,15778
343,0.010014372877776623,0.010014181956648827,0.010014181956648827,5.717497941759575e-08,5.695748583889326e-08,2.1751485335119725e-10,1.3499295903329767e-07,6.045337563875819e-10,7.453956341052503e-10,0.28394198417663574,,15823
,,,,,,,,,,,1.5625e-05,15824
344,0.010013512335717678,0.010013319551944733,0.010013319551944733,6.134975194527215e-08,6.116444950521327e-08,1.8529824896695857e-10,1.3215274918820796e-07,6.010968389702498e-10,7.20430659573168e-10,0.2784634232521057,,15869
,,,,,,,,,,,1.5625e-05,15870
345,0.010012623853981495,0.010012426413595676,0.010012426413595676,6.584995304592667e-08,6.568720323230082e-08,1.6273148106815682e-10,1.3186058822611813e-07,5.99048866067875e-10,7.19556914052788e-10,0.27309441566467285,,15915
,,,,,,,,,,,1.5625e-05,15916
346,0.010011700913310051,0.010011495091021061,0.010011495091021061,7.069548502158796e-08,7.055695050439681e-08,1.38538902572094e-10,1.3465957238167903e-07,5.98825378173018e-10,7.477700680880162e-10,0.26783275604248047,,15961
,,,,,,,,,,,1.5625e-05,15962
347,0.010010750032961369,0.010010535828769207,0.010010535828769207,7.589416384234937e-08,7.577891381060908e-08,1.1525341792051336e-10,1.3947885690868134e-07,5.99599037087728e-10,7.951895808488985e-10,0.26267629861831665,,16007
,,,,,,,,,,,1.5625e-05,16008
348,0.010009762831032276,0.010009539313614368,0.010009539313614368,8.14798610804246e-08,8.138955109870949e-08,9.032123660102087e-11,1.4197917153069284e-07,6.008254449518802e-10,8.189665612334807e-10,0.25762298703193665,,16053
,,,,,,,,,,,1.5625e-05,16054
349,0.010008740238845348,0.01000850461423397,0.01000850461423397,8.747991842028568e-08,8.741334056594496e-08,6.658974066597878e-11,1.4401577175249258e-07,6.029365895443561e-10,8.372212367824261e-10,0.2526707053184509,,16099
,,,,,,,,,,,1.5625e-05,16100
350,0.010007679462432861,0.01000744104385376,0.01000744104385376,9.392799427132559e-08,9.388067923055132e-08,4.733604827555915e-11,1.427594042979763e-07,6.055058676679437e-10,8.220883973564241e-10,0.24781744182109833,,16145
,,,,,,,,,,,1.5625e-05,16146
351,0.010006571188569069,0.010006332769989967,0.010006332769989967,1.0084504964424923e-07,1.008137999747305e-07,3.125615738452936e-11,1.37789825771506e-07,6.082224168757477e-10,7.696757120534414e-10,0.24306121468544006,,16191
,,,,,,,,,,,1.5625e-05,16192
352,0.01000542938709259,0.01000518910586834,0.01000518910586834,1.082939462548893e-07,1.0827159968584965e-07,2.232980987615374e-11,1.3204039817082958e-07,6.114663220202488e-10,7.089376863333996e-10,0.23840010166168213,,16237
,,,,,,,,,,,1.5625e-05,16238
353,0.010004243813455105,0.010003999806940556,0.010003999806940556,1.1631779983645174e-07,1.1629388296796606e-07,2.3943977009444062e-11,1.2893634959709743e-07,6.154674547786954e-10,6.738961055852144e-10,0.23383218050003052,,16283
,,,,,,,,,,,1.5625e-05,16284
354,0.010003020986914635,0.010002766735851765,0.010002766735851765,1.249474195219591e-07,1.249211720733001e-07,2.626590785148597e-11,1.3001776721921487e-07,6.191503976182844e-10,6.81027123583533e-10,0.2293556034564972,,16329
,,,,,,,,,,,1.5625e-05,16330
355,0.01000175066292286,0.010001481510698795,0.010001481510698795,1.3424522649074788e-07,1.3421175992789358e-07,3.3445014119282135e-11,1.357430789994396e-07,6.230940763352066e-10,7.343368690904128e-10,0.22496852278709412,,16375
,,,,,,,,,,,1.5625e-05,16376
356,0.01000044122338295,0.010000153444707394,0.010000153444707394,1.442332262513446e-07,1.4419325111703074e-07,4.0001394557842573e-11,1.4318220564746298e-07,6.258856211083241e-10,8.059360956380601e-10,0.22066916525363922,,16421
,,,,,,,,,,,1.5625e-05,16422
357,0.009999077767133713,0.009998776018619537,0.009998776018619537,1.5495440663926274e-07,1.549095003383627e-07,4.4909236052159685e-11,1.4638455070326017e-07,6.257349638438825e-10,8.381105254251509e-10,0.21645575761795044,,16467
,,,,,,,,,,,1.5625e-05,16468
358,0.009997664019465446,0.0099973538890481,0.0099973538890481,1.6644938227727835e-07,1.6640473177176318e-07,4.4610651978027605e-11,1.4611491394589393e-07,6.249660233770271e-10,8.361831782544016e-10,0.21232660114765167,,16513
,,,,,,,,,,,1.5625e-05,16514
359,0.009996205568313599,0.009995880536735058,0.009995880536735058,1.7878411995297938e-07,1.7874025104447355e-07,4.3860491627523146e-11,1.4358572286710114e-07,6.244127437327052e-10,8.114445226858891e-10,0.20827999711036682,,16559
,,,,,,,,,,,1.5625e-05,16560
360,0.00999468844383955,0.009994355030357838,0.009994355030357838,1.9204365742098162e-07,1.919906367220392e-07,5.29735873222581e-11,1.4205917864273943e-07,6.248854766965906e-10,7.957064451780127e-10,0.20431429147720337,,16605
,,,,,,,,,,,1.5625e-05,16606
361,0.009993125684559345,0.009992771781980991,0.009992771781980991,2.062744925979132e-07,2.0621328644665482e-07,6.11721714949276e-11,1.4492276534383564e-07,6.268814911614129e-10,8.223463021650446e-10,0.2004278600215912,,16651
,,,,,,,,,,,1.5625e-05,16652
362,0.009991505183279514,0.009991135448217392,0.009991135448217392,2.2153506051836303e-07,2.2147496281377244e-07,6.0145888269858e-11,1.4683323001918325e-07,6.29162610898959e-10,8.391692896125846e-10,0.19661913812160492,,16697
,,,,,,,,,,,1.5625e-05,16698
363,0.009989824146032333,0.009989439509809017,0.009989439509809017,2.3791766068370634e-07,2.378594814445023e-07,5.825522703117869e-11,1.437478687194016e-07,6.304914368371328e-10,8.069872547977752e-10,0.19288654625415802,,16743
,,,,,,,,,,,1.5625e-05,16744
364,0.009988089092075825,0.009987689554691315,0.009987689554691315,2.555066487275326e-07,2.5544576942593267e-07,6.092593790585354e-11,1.470306045803227e-07,6.330017621181128e-10,8.373043369758193e-10,0.1892285794019699,,16789
,,,,,,,,,,,1.5625e-05,16790
365,0.009986300021409988,0.00998587254434824,0.00998587254434824,2.743458935583476e-07,2.7427714144323545e-07,6.877172442631974e-11,1.5499227856707876e-07,6.36190267133685e-10,9.137324785690737e-10,0.18564373254776,,16835
,,,,,,,,,,,1.5625e-05,16836
366,0.009984447620809078,0.009983996860682964,0.009983996860682964,2.945676271792763e-07,2.944912296243274e-07,7.647400768195922e-11,1.5783399476276827e-07,6.395480256493613e-10,9.387917110359467e-10,0.18213054537773132,,16881
,,,,,,,,,,,1.5625e-05,16882
367,0.009982534684240818,0.00998205691576004,0.00998205691576004,3.161808876939176e-07,3.160990900141769e-07,8.184887489992576e-11,1.5920689122594922e-07,6.439297428606494e-10,9.481389007248708e-10,0.17868758738040924,,16927
,,,,,,,,,,,1.5625e-05,16928
368,0.009980558417737484,0.009980058297514915,0.009980058297514915,3.3934276189029333e-07,3.3925837783499446e-07,8.442698623545297e-11,1.600135988155671e-07,6.49460651924727e-10,9.506753162469295e-10,0.17531344294548035,,16973
,,,,,,,,,,,1.5625e-05,16974
369,0.009978514164686203,0.009977991692721844,0.009977991692721844,3.6413456427908386e-07,3.640449506292498e-07,8.960970854232642e-11,1.5802442021595198e-07,6.570402555361454e-10,9.232040687479071e-10,0.172006756067276,,17019
,,,,,,,,,,,1.5625e-05,17020
370,0.009976401925086975,0.009975851513445377,0.009975851513445377,3.9071207424967724e-07,3.90617429957274e-07,9.463169831080975e-11,1.580399668910104e-07,6.673612218399683e-10,9.130382561117756e-10,0.16876614093780518,,17065
,,,,,,,,,,,1.5625e-05,17066
371,0.009974225424230099,0.00997364055365324,0.00997364055365324,4.1919295767911535e-07,4.1909041215149045e-07,1.0243244447094568e-10,1.6681622128089657e-07,6.797046259165995e-10,9.884574270202506e-10,0.165590301156044,,17111
,,,,,,,,,,,1.5625e-05,17112
